#SRC:M87,DATE(MJD):58230,FREQ:213.071GHz
#time(UTC),T1,T2,U(lambda),V(lambda),Iamp(Jy),Iphase(d),Isigma(Jy)
00.17638889,AA,AX,738369.9375,-1580470.5000,1.12090879,1.9203,0.02225300
00.18472223,AA,AX,737758.6250,-1580174.8750,1.12129689,0.0702,0.00611610
00.18750000,AA,AX,737519.1250,-1580059.3750,1.12133071,-0.1393,0.00616175
00.19027779,AA,AX,737279.1875,-1579944.0000,1.12120978,0.2525,0.00626515
00.19305555,AA,AX,737038.8750,-1579828.6250,1.12111029,0.4665,0.00637933
00.19583333,AA,AX,736798.2500,-1579713.3750,1.12019015,-0.0533,0.00699152
00.19861112,AA,AX,736557.1250,-1579598.1250,1.12062382,0.2919,0.00677302
00.20138888,AA,AX,736315.6875,-1579482.8750,1.12120931,0.1839,0.00650452
00.20416667,AA,AX,736073.8125,-1579367.6250,1.12129417,0.1380,0.00669021
00.20694445,AA,AX,735831.5625,-1579252.5000,1.11938119,-0.1587,0.00840484
00.20972221,AA,AX,735588.9375,-1579137.3750,1.11928810,0.2277,0.00894880
00.21250000,AA,AX,735346.6875,-1579022.6250,1.11708810,-0.2499,0.01145874
00.21527778,AA,AX,735102.5000,-1578907.2500,1.11899817,0.1673,0.00994248
00.21805555,AA,AX,734858.6875,-1578792.2500,1.11942909,0.1235,0.00997067
00.22361112,AA,AX,734325.8125,-1578541.6250,1.12155197,-0.4339,0.00991562
00.22638888,AA,AX,734124.8750,-1578447.3750,1.11983096,-0.7566,0.00901968
00.22916666,AA,AX,733879.5000,-1578332.6250,1.12111295,-0.3071,0.00787177
00.23472221,AA,AX,733387.5625,-1578103.0000,1.11896835,-0.8342,0.00899800
00.23750000,AA,AX,733141.0000,-1577988.2500,1.11814705,-0.5652,0.00961067
00.24027778,AA,AX,732894.1250,-1577873.5000,1.11718673,0.1201,0.00984735
00.24305554,AA,AX,732644.1875,-1577757.7500,1.11665784,-0.6928,0.01142122
00.24583333,AA,AX,732399.0625,-1577644.2500,1.11892980,0.1575,0.00769203
00.24861111,AA,AX,732150.9375,-1577529.6250,1.12020063,-0.1869,0.00678312
00.47083332,AA,AX,710980.1250,-1568465.0000,1.12107408,-0.0589,0.00833795
00.47361110,AA,AX,710773.5000,-1568382.7500,1.12084866,-0.1059,0.00589825
00.47638889,AA,AX,710493.9375,-1568271.5000,1.12111341,0.4365,0.00576316
00.47916667,AA,AX,710208.8125,-1568158.3750,1.12121730,-0.0176,0.00580426
00.48194446,AA,AX,709937.8125,-1568051.0000,1.12091524,0.0199,0.00592435
00.48472224,AA,AX,709647.7500,-1567936.1250,1.12097497,-0.2866,0.00577637
00.48749998,AA,AX,709371.8750,-1567827.2500,1.12083784,-0.3498,0.00569221
00.49027777,AA,AX,709090.3750,-1567716.2500,1.12138352,-0.2094,0.00547883
00.49305555,AA,AX,708808.5625,-1567605.2500,1.12128010,-0.2578,0.00545524
00.49583334,AA,AX,708526.3125,-1567494.3750,1.12146074,-0.1896,0.00547117
00.49861112,AA,AX,708243.7500,-1567383.5000,1.12148900,-0.1663,0.00550352
00.50416665,AA,AX,707677.4375,-1567162.0000,1.12134740,-0.2418,0.00556257
00.50694443,AA,AX,707393.6875,-1567051.2500,1.12113338,-0.0175,0.00574160
00.51250000,AA,AX,706825.1250,-1566830.0000,1.12129540,0.1916,0.00571964
00.51527779,AA,AX,706540.3125,-1566719.3750,1.12140697,-0.1253,0.00556646
00.51805557,AA,AX,706255.0625,-1566608.8750,1.12149957,-0.4562,0.00547756
00.52083331,AA,AX,705969.4375,-1566498.3750,1.12140055,0.1824,0.00545306
00.52361110,AA,AX,705682.5625,-1566387.5000,1.12117813,-0.3136,0.00571066
00.52638888,AA,AX,705397.1250,-1566277.5000,1.12134463,-0.1641,0.00544818
00.52916667,AA,AX,705110.4375,-1566167.1250,1.12135412,-0.0087,0.00547244
00.53194445,AA,AX,704823.3125,-1566056.8750,1.12156468,-0.2369,0.00542942
00.53472224,AA,AX,704535.8125,-1565946.6250,1.12148019,-0.1078,0.00541282
00.53749998,AA,AX,704252.3125,-1565838.0000,1.12125648,-0.3060,0.00561683
00.54027776,AA,AX,703959.7500,-1565726.2500,1.12123187,-0.1076,0.00549745
00.54861112,AA,AX,703092.8750,-1565396.0000,1.12117864,-0.5753,0.00565861
00.55138890,AA,AX,702803.1250,-1565286.0000,1.12106426,-0.2221,0.00573360
00.55416664,AA,AX,702505.1250,-1565173.0000,1.12124369,-0.3716,0.00612453
00.55972221,AA,AX,701931.7500,-1564956.2500,1.12128917,-0.4795,0.00568123
00.56250000,AA,AX,701640.5000,-1564846.3750,1.12101295,-0.2425,0.00582296
00.56527779,AA,AX,701348.9375,-1564736.6250,1.12120522,-0.1979,0.00557345
00.56805557,AA,AX,701060.8750,-1564628.3750,1.12118596,0.0674,0.00571128
00.57083336,AA,AX,700764.6250,-1564517.2500,1.12108247,-0.1658,0.00550915
00.57361110,AA,AX,700471.9375,-1564407.6250,1.12105695,0.0304,0.00559977
00.57916667,AA,AX,699885.4375,-1564188.5000,1.12102185,-0.2224,0.00544025
00.63472223,AA,AX,693938.4375,-1562007.5000,1.12103193,-0.2911,0.00552222
00.63750002,AA,AX,693637.1875,-1561898.8750,1.12082994,0.0031,0.00565072
00.64027776,AA,AX,693332.6250,-1561789.2500,1.12106895,-0.2478,0.00563868
00.64305554,AA,AX,693033.6250,-1561681.8750,1.12109790,-0.3543,0.00549672
00.64583333,AA,AX,692720.8750,-1561569.7500,1.12119967,-0.1987,0.00584449
00.64861111,AA,AX,692428.6250,-1561465.1250,1.12141068,-0.2650,0.00539561
00.65138890,AA,AX,692125.5000,-1561356.7500,1.12170855,-0.0484,0.00528917
00.65416668,AA,AX,691822.0625,-1561248.5000,1.12121195,-0.1821,0.00552895
00.65694442,AA,AX,691518.2500,-1561140.2500,1.12170331,-0.1700,0.00548746
00.65972221,AA,AX,691214.0625,-1561032.1250,1.12133199,-0.3550,0.00549971
00.66249999,AA,AX,690909.5625,-1560924.0000,1.12176128,0.1861,0.00537901
00.66527778,AA,AX,690604.6250,-1560815.8750,1.12176689,0.0437,0.00544703
00.66805556,AA,AX,690299.3750,-1560707.8750,1.12216404,-0.0140,0.00540349
00.67083335,AA,AX,689993.6875,-1560599.8750,1.12200805,0.2313,0.00545171
00.67361109,AA,AX,689687.6875,-1560491.8750,1.12164847,0.2230,0.00569293
00.67638887,AA,AX,689381.3125,-1560384.0000,1.12196780,-0.0992,0.00557406
00.67916666,AA,AX,689074.5625,-1560276.1250,1.12186771,-0.1457,0.00562107
00.68194444,AA,AX,688767.4375,-1560168.3750,1.12218801,0.3183,0.00538750
00.68472223,AA,AX,688459.9375,-1560060.6250,1.12198373,0.0976,0.00542953
00.68750001,AA,AX,688152.1250,-1559952.8750,1.12223819,0.1453,0.00526621
00.69027780,AA,AX,687843.8750,-1559845.2500,1.12154698,0.1238,0.00556415
00.69305554,AA,AX,687535.3125,-1559737.6250,1.12122849,-0.2199,0.00572462
00.69583333,AA,AX,687217.6250,-1559627.0000,1.12127993,0.4635,0.00727299
00.70138890,AA,AX,686600.3750,-1559412.6250,1.12081385,0.1399,0.00620756
00.70416668,AA,AX,686297.3750,-1559307.7500,1.12092340,0.0527,0.00585238
00.70694447,AA,AX,685986.9375,-1559200.3750,1.12140660,0.0929,0.00562682
00.70972221,AA,AX,685676.1875,-1559093.0000,1.12115420,0.0063,0.00568527
00.71249999,AA,AX,685365.0625,-1558985.7500,1.12141664,-0.0500,0.00550645
00.71527778,AA,AX,685053.5625,-1558878.5000,1.12165159,-0.1801,0.00546638
00.71805556,AA,AX,684741.6875,-1558771.3750,1.12156163,-0.2831,0.00533765
00.72083335,AA,AX,684429.4375,-1558664.2500,1.12110977,0.0554,0.00550756
00.72361113,AA,AX,684116.8750,-1558557.1250,1.12160201,0.1861,0.00523883
00.72638887,AA,AX,683803.8750,-1558450.1250,1.12106406,-0.0260,0.00546411
00.72916666,AA,AX,683490.5625,-1558343.1250,1.12092968,-0.1287,0.00554382
00.73194444,AA,AX,683176.8750,-1558236.2500,1.12110243,0.0867,0.00550874
00.88749996,AA,AX,664948.9375,-1552301.3750,1.12102869,0.4714,0.00764022
00.89027774,AA,AX,664701.6875,-1552224.3750,1.12116356,0.4604,0.00526901
00.89305553,AA,AX,664367.1875,-1552120.3750,1.12131140,0.0981,0.00517729
00.89583331,AA,AX,664032.3750,-1552016.5000,1.12139957,0.2850,0.00525185
00.89861110,AA,AX,663697.1875,-1551912.6250,1.12108714,0.2728,0.00544421
00.90138888,AA,AX,663361.6875,-1551808.7500,1.12130540,-0.0316,0.00536202
00.90416667,AA,AX,663025.8125,-1551705.0000,1.12107192,-0.0742,0.00556156
00.90972224,AA,AX,662353.0000,-1551497.6250,1.12123647,-0.1160,0.00558314
00.91250002,AA,AX,662016.0000,-1551394.0000,1.12160874,-0.0043,0.00545313
00.91527781,AA,AX,661678.7500,-1551290.3750,1.12148114,0.0903,0.00549284
00.91805559,AA,AX,661341.1250,-1551186.8750,1.12104437,0.0946,0.00576339
00.92638886,AA,AX,660326.0625,-1550876.6250,1.12102374,0.0224,0.00596030
00.92916664,AA,AX,659987.0000,-1550773.3750,1.12107066,0.0666,0.00585438
00.94027779,AA,AX,658627.3125,-1550360.7500,1.12084379,0.0114,0.00639904
00.94305557,AA,AX,658286.5000,-1550257.6250,1.12093310,-0.3273,0.00648724
00.94861114,AA,AX,657603.8750,-1550051.7500,1.12103265,0.2105,0.00623488
00.95138893,AA,AX,657262.0000,-1549948.8750,1.12081850,-0.3025,0.00627187
00.95416671,AA,AX,656919.8125,-1549846.1250,1.12075819,0.2276,0.00631118
00.95694441,AA,AX,656577.2500,-1549743.3750,1.12083894,0.0421,0.00617836
00.95972219,AA,AX,656234.3125,-1549640.6250,1.12141590,-0.3469,0.00579807
00.96527776,AA,AX,655547.5000,-1549435.3750,1.12081438,-0.1506,0.00592255
00.97361112,AA,AX,654514.6250,-1549127.8750,1.12122003,-0.3376,0.00532346
00.97638890,AA,AX,654169.6250,-1549025.5000,1.12103811,-0.2933,0.00530221
00.97916669,AA,AX,653824.3125,-1548923.1250,1.12044076,-0.0480,0.00557403
01.03749999,AA,AX,646492.1250,-1546786.6250,1.12130903,0.3828,0.00527062
01.04027778,AA,AX,646139.1875,-1546685.5000,1.12118326,0.5925,0.00538023
01.04305556,AA,AX,645785.9375,-1546584.5000,1.12125011,0.6295,0.00538038
01.04583335,AA,AX,645432.3125,-1546483.3750,1.12115420,-0.0281,0.00538184
01.04861113,AA,AX,645078.3125,-1546382.5000,1.12172062,0.4433,0.00524461
01.05138892,AA,AX,644724.0000,-1546281.5000,1.12157130,0.5529,0.00536304
01.05416670,AA,AX,644369.3125,-1546180.6250,1.12163909,0.0679,0.00534248
01.05972219,AA,AX,643659.0000,-1545979.1250,1.12101284,0.1738,0.00585657
01.06249997,AA,AX,643303.3125,-1545878.5000,1.12158378,0.3370,0.00541116
01.06527776,AA,AX,642947.2500,-1545777.7500,1.12134695,-0.0267,0.00546891
01.06805554,AA,AX,642590.8750,-1545677.2500,1.12132534,-0.0217,0.00543756
01.07083333,AA,AX,642234.1875,-1545576.7500,1.12131668,0.1961,0.00541213
01.07361111,AA,AX,641877.1250,-1545476.2500,1.12168760,0.3209,0.00522162
01.07638890,AA,AX,641519.7500,-1545375.8750,1.12127639,0.0281,0.00534946
01.07916668,AA,AX,641162.0000,-1545275.5000,1.12106615,0.0416,0.00540422
01.08194447,AA,AX,640803.9375,-1545175.1250,1.12130302,-0.1781,0.00525261
01.08472225,AA,AX,640445.5000,-1545074.8750,1.12123446,0.0164,0.00525700
01.09027782,AA,AX,639727.6250,-1544874.6250,1.12098494,-0.1523,0.00529374
01.09305552,AA,AX,639368.1875,-1544774.5000,1.12103171,-0.1803,0.00525714
01.09583330,AA,AX,639008.4375,-1544674.5000,1.12079049,0.0270,0.00538312
01.09861109,AA,AX,638648.3125,-1544574.5000,1.12126904,-0.0177,0.00521405
01.10138887,AA,AX,638287.8125,-1544474.6250,1.12103879,-0.0010,0.00534315
01.10694444,AA,AX,637565.8750,-1544275.0000,1.12119967,-0.1073,0.00526931
01.10972223,AA,AX,637204.4375,-1544175.2500,1.12089749,-0.2793,0.00541985
01.11250001,AA,AX,636842.6250,-1544075.6250,1.12119063,-0.4013,0.00534991
01.11527780,AA,AX,636480.4375,-1543976.0000,1.12070144,-0.3893,0.00544113
01.12361115,AA,AX,635391.9375,-1543677.5000,1.12101289,-0.4371,0.00517699
01.12638885,AA,AX,635017.6875,-1543575.1250,1.12109074,-0.5342,0.00536999
01.12916663,AA,AX,634664.6250,-1543478.7500,1.12118377,-0.3595,0.00506766
01.13194442,AA,AX,634300.4375,-1543379.3750,1.12103443,-0.6022,0.00515397
01.35138890,AA,AX,604480.3125,-1535720.6250,1.12139230,-0.0175,0.00515199
01.35416669,AA,AX,604089.8125,-1535626.0000,1.12147797,-0.0701,0.00509560
01.35416669,AA,MG,1751180544.0000,-4596707840.0000,0.20041627,-0.3577,0.00572237
01.35694447,AA,AX,603698.9375,-1535531.5000,1.12154108,-0.1040,0.00522077
01.35694447,AA,MG,1752860416.0000,-4596433920.0000,0.20808055,0.5461,0.00608732
01.35694447,AX,MG,1752237056.0000,-4594901504.0000,0.17365066,-21.1214,0.07435983
01.35972226,AA,AX,603307.7500,-1535437.1250,1.12101073,-0.0900,0.00532178
01.35972226,AA,MG,1754539264.0000,-4596159488.0000,0.19905463,-0.6904,0.00601492
01.35972226,AX,MG,1753936000.0000,-4594624000.0000,0.19824802,4.9777,0.07512123
01.36250004,AA,AX,602909.0625,-1535341.0000,1.12112539,-0.0930,0.00534512
01.36250004,AX,MG,1755614336.0000,-4594349056.0000,0.24594144,-10.5204,0.06282468
01.36527774,AA,AX,602537.3750,-1535251.5000,1.12097034,-0.0687,0.00558292
01.36527774,AA,MG,1757894400.0000,-4595609600.0000,0.21504802,-0.2615,0.00640606
01.36527774,AX,MG,1757275008.0000,-4594077184.0000,0.22069024,-8.1439,0.07224399
01.36805552,AA,MG,1759570432.0000,-4595334656.0000,0.21620219,-0.2616,0.00637131
01.36805552,AX,MG,1758987904.0000,-4593796096.0000,0.21109318,-11.4047,0.07209403
01.37083331,AA,MG,1761245696.0000,-4595059200.0000,0.18517736,-0.1494,0.00556645
01.37361109,AA,AX,601347.0000,-1534965.8750,1.12120922,0.2459,0.00507183
01.37361109,AA,MG,1762919936.0000,-4594783232.0000,0.20179634,0.2123,0.00605849
01.37361109,AX,MG,1762318592.0000,-4593248256.0000,0.19825815,2.3888,0.07063769
01.37638888,AA,MG,1764593152.0000,-4594507264.0000,0.19377251,-0.7563,0.00542081
01.37638888,AX,MG,1763992192.0000,-4592972288.0000,0.18541945,23.8737,0.07962877
01.37916666,AA,AX,600560.5000,-1534777.7500,1.12132437,-0.0566,0.00503359
01.37916666,AA,MG,1766265600.0000,-4594231296.0000,0.22429538,-0.0513,0.00565822
01.37916666,AX,MG,1765653888.0000,-4592697856.0000,0.22069200,-26.7965,0.07642162
01.38194445,AA,AX,600166.7500,-1534683.8750,1.12131346,-0.0059,0.00505027
01.38194445,AA,MG,1767937024.0000,-4593954304.0000,0.23276391,-0.6250,0.00610334
01.38194445,AX,MG,1767336832.0000,-4592419840.0000,0.25606055,-50.4422,0.06955981
01.38472223,AA,AX,599772.6875,-1534590.0000,1.12134337,-0.4260,0.00500975
01.38472223,AA,MG,1769607424.0000,-4593677824.0000,0.17714635,-0.1250,0.00511465
01.38472223,AX,MG,1769007744.0000,-4592143360.0000,0.16118112,-13.9922,0.08223757
01.38750002,AA,AX,599378.3125,-1534496.1250,1.12118278,0.0582,0.00510157
01.38750002,AX,MG,1770644224.0000,-4591872000.0000,0.24294263,-21.0421,0.06135612
01.39027780,AA,AX,598983.6250,-1534402.3750,1.12133208,0.1129,0.00513695
01.39027780,AA,MG,1772945664.0000,-4593123328.0000,0.18507104,0.5001,0.00526902
01.39305559,AA,AX,598588.6250,-1534308.7500,1.12130534,0.0949,0.00511153
01.39305559,AX,MG,1774014720.0000,-4591311360.0000,0.25692079,0.8511,0.06016969
01.39583337,AA,AX,598193.2500,-1534215.1250,1.12134439,-0.0561,0.00512045
01.39583337,AA,MG,1776279936.0000,-4592568320.0000,0.20128886,0.2064,0.00557663
01.39583337,AX,MG,1775704064.0000,-4591030272.0000,0.20514718,-6.8891,0.07828811
01.39861107,AA,AX,597797.6250,-1534121.5000,1.12129892,0.0462,0.00520880
01.39861107,AA,MG,1777945728.0000,-4592289792.0000,0.23287481,0.4356,0.00683556
01.39861107,AX,MG,1777347968.0000,-4590755840.0000,0.23160605,40.2182,0.06357971
01.40138885,AA,AX,597401.6250,-1534028.0000,1.12138237,-0.0957,0.00520080
01.40138885,AA,MG,1779610624.0000,-4592011776.0000,0.18435207,-0.3464,0.00551078
01.40138885,AX,MG,1779013248.0000,-4590477824.0000,0.18282325,12.2089,0.07864437
01.40416664,AA,MG,1781274496.0000,-4591733248.0000,0.20634071,-0.6488,0.00580115
01.40416664,AX,MG,1780677504.0000,-4590199296.0000,0.21725359,30.1061,0.07317983
01.40694442,AA,AX,596608.7500,-1533841.1250,1.12135260,-0.0161,0.00531946
01.40972221,AA,MG,1784599424.0000,-4591175168.0000,0.21743116,0.0520,0.00646747
01.40972221,AX,MG,1783978240.0000,-4589645312.0000,0.23096162,11.0020,0.07258324
01.41249999,AA,MG,1786260480.0000,-4590895616.0000,0.22493353,1.4506,0.00724652
01.41249999,AX,MG,1785634176.0000,-4589367296.0000,0.23359721,-4.8311,0.06624815
01.41527778,AA,AX,595417.0000,-1533561.3750,1.12145519,0.0987,0.00526826
01.41527778,AA,MG,1787920512.0000,-4590616064.0000,0.19629794,-1.3653,0.00599722
01.41527778,AX,MG,1787325056.0000,-4589082624.0000,0.19697020,6.9737,0.07274513
01.41805556,AA,AX,595019.1250,-1533468.2500,1.12140729,0.0284,0.00523746
01.41805556,AA,MG,1789579648.0000,-4590336000.0000,0.19108093,-0.2969,0.00540501
01.41805556,AX,MG,1788984576.0000,-4588802560.0000,0.18551879,36.5148,0.08014276
01.42083335,AA,AX,594620.9375,-1533375.1250,1.12142875,0.0112,0.00517584
01.42083335,AA,MG,1791237888.0000,-4590055936.0000,0.24102963,0.0601,0.00668315
01.42083335,AX,MG,1790643200.0000,-4588522496.0000,0.20653964,-9.4582,0.06397258
01.42361113,AA,AX,594222.4375,-1533282.1250,1.12127673,0.0260,0.00525099
01.42361113,AA,MG,1792895104.0000,-4589775360.0000,0.21295518,0.2268,0.00600525
01.42361113,AX,MG,1792300928.0000,-4588242432.0000,0.22583583,9.2905,0.07213697
01.42638892,AA,AX,593823.6250,-1533189.1250,1.12081625,-0.2523,0.00540623
01.42638892,AA,MG,1794551296.0000,-4589494784.0000,0.18393614,-0.7802,0.00537173
01.42638892,AX,MG,1793987840.0000,-4587956736.0000,0.17404357,1.9940,0.08463423
01.42916670,AA,AX,593424.5000,-1533096.2500,1.12093334,-0.1931,0.00539712
01.42916670,AA,MG,1796206720.0000,-4589214208.0000,0.20315092,0.5829,0.00608523
01.42916670,AX,MG,1795613312.0000,-4587680768.0000,0.18728699,14.5041,0.07298572
01.43194440,AA,MG,1797861120.0000,-4588932608.0000,0.22052172,-0.1670,0.00683495
01.43194440,AX,MG,1797268096.0000,-4587399680.0000,0.23015590,-5.8122,0.06836999
01.43472219,AA,AX,592625.2500,-1532910.7500,1.12106273,0.0945,0.00535377
01.43472219,AA,MG,1799514496.0000,-4588651520.0000,0.21689293,-0.1960,0.00603729
01.43472219,AX,MG,1798921856.0000,-4587118592.0000,0.20279982,25.9396,0.07283656
01.43749997,AA,AX,592222.5000,-1532817.3750,1.12089337,0.0880,0.00541508
01.43749997,AA,MG,1801166976.0000,-4588369408.0000,0.22250041,-0.0505,0.00639046
01.43749997,AX,MG,1800574720.0000,-4586836992.0000,0.16169196,4.1493,0.06807604
01.44027776,AA,AX,591824.8125,-1532725.3750,1.12113077,0.0561,0.00514595
01.44305554,AA,AX,591424.0625,-1532632.7500,1.12104053,0.0199,0.00518321
01.44305554,AA,MG,1804468992.0000,-4587805184.0000,0.19835583,-0.6927,0.00557595
01.44305554,AX,MG,1803877504.0000,-4586272768.0000,0.16723294,-39.6234,0.07603441
01.44583333,AA,AX,591023.0625,-1532540.2500,1.12085166,0.0803,0.00524390
01.44583333,AA,MG,1806118528.0000,-4587523072.0000,0.23899687,0.2124,0.00677092
01.44583333,AX,MG,1805527552.0000,-4585990144.0000,0.24854730,-31.2472,0.06327309
01.44861111,AA,AX,590621.6875,-1532447.8750,1.12073589,0.0749,0.00529366
01.44861111,AA,MG,1807767168.0000,-4587239936.0000,0.19711815,0.2738,0.00582461
01.44861111,AX,MG,1807176576.0000,-4585707520.0000,0.20229606,-56.6173,0.07416245
01.50138885,AA,MG,1838907392.0000,-4581819392.0000,0.19486785,-0.6103,0.00539279
01.50416672,AA,AX,582431.2500,-1530590.2500,1.12084365,0.4253,0.00707837
01.50416672,AA,MG,1840536704.0000,-4581531136.0000,0.22128481,-0.4685,0.00595055
01.50416672,AX,MG,1840345216.0000,-4579931648.0000,0.19426483,-14.3592,0.09869499
01.50694442,AA,AX,582116.4375,-1530519.8750,1.12090361,0.4645,0.00518884
01.50694442,AA,MG,1842164864.0000,-4581243392.0000,0.18659100,-0.2137,0.00526798
01.50694442,AX,MG,1841582848.0000,-4579712512.0000,0.17911564,25.8867,0.07669405
01.50972229,AA,AX,581713.0000,-1530429.8750,1.12113706,0.4556,0.00500813
01.50972229,AA,MG,1843792256.0000,-4580954624.0000,0.18632035,0.2198,0.00511991
01.50972229,AX,MG,1843186048.0000,-4579428864.0000,0.17549146,16.9002,0.07920005
01.51249999,AA,AX,581297.0000,-1530337.2500,1.12110134,0.3629,0.00513438
01.51249999,AX,MG,1844837120.0000,-4579136000.0000,0.22155097,-13.2468,0.06149298
01.51527786,AA,AX,580895.6875,-1530248.0000,1.12120161,0.4521,0.00504521
01.51527786,AA,MG,1847043840.0000,-4580377088.0000,0.19329023,0.0360,0.00516239
01.51527786,AX,MG,1846462848.0000,-4578847232.0000,0.22778032,-24.6239,0.07733127
01.51805556,AA,AX,580486.5625,-1530157.1250,1.12089360,0.1090,0.00517994
01.51805556,AA,MG,1848668160.0000,-4580088320.0000,0.22135265,-0.2889,0.00643631
01.51805556,AX,MG,1848087680.0000,-4578557952.0000,0.22626158,-1.7684,0.06359976
01.52083325,AA,AX,580077.1250,-1530066.3750,1.12087943,0.1127,0.00530979
01.52083325,AA,MG,1850291456.0000,-4579798528.0000,0.21655468,0.6831,0.00637873
01.52083325,AX,MG,1849730304.0000,-4578265088.0000,0.22592997,0.8966,0.06705224
01.52361113,AA,MG,1851921920.0000,-4579507712.0000,0.20277453,-0.3719,0.00582626
01.52361113,AA,AX,579667.3750,-1529975.6250,1.12126418,0.3696,0.00509615
01.52638882,AA,MG,1853535232.0000,-4579218944.0000,0.19748291,-0.5460,0.00558350
01.52638882,AA,AX,579257.3125,-1529884.8750,1.12112399,0.2842,0.00523972
01.52638882,AX,MG,1852955904.0000,-4577689088.0000,0.22677779,26.6531,0.07387456
01.52916670,AA,AX,578846.9375,-1529794.2500,1.12148569,0.0243,0.00508547
01.52916670,AA,MG,1855155584.0000,-4578929152.0000,0.20712600,0.6456,0.00534301
01.52916670,AX,MG,1854576768.0000,-4577399296.0000,0.20670367,-39.3607,0.07482988
01.53194439,AA,AX,578436.3125,-1529703.7500,1.12137190,0.2231,0.00498982
01.53194439,AA,MG,1856775040.0000,-4578638336.0000,0.17605963,-0.2259,0.00479837
01.53472227,AA,AX,578025.3125,-1529613.2500,1.12132577,-0.0551,0.00498538
01.53472227,AA,MG,1858393472.0000,-4578348032.0000,0.18677158,0.5288,0.00518912
01.53749996,AA,AX,577614.0000,-1529522.8750,1.12129191,0.1067,0.00500254
01.53749996,AA,MG,1860010880.0000,-4578057216.0000,0.21013614,-0.0827,0.00554387
01.53749996,AX,MG,1859449344.0000,-4576524800.0000,0.21095069,3.1371,0.07212522
01.54027784,AA,AX,577202.4375,-1529432.5000,1.12095911,0.1009,0.00509845
01.54305553,AA,AX,576790.5625,-1529342.2500,1.12119496,-0.1691,0.00496519
01.54305553,AA,MG,1863242752.0000,-4577474560.0000,0.21280871,-0.7534,0.00556548
01.54305553,AX,MG,1862665984.0000,-4575945216.0000,0.20787328,20.2106,0.06969921
01.54583341,AA,AX,576378.3125,-1529252.0000,1.12108261,-0.2597,0.00503685
01.54583341,AA,MG,1864857216.0000,-4577182720.0000,0.18733776,0.4730,0.00529988
01.54583341,AX,MG,1864302336.0000,-4575649792.0000,0.17877731,28.2560,0.07570974
01.54861110,AA,MG,1866470656.0000,-4576890880.0000,0.17560853,0.2251,0.00531234
01.54861110,AX,MG,1865894656.0000,-4575361536.0000,0.18358065,-26.7857,0.07889707
01.55138880,AA,MG,1868093824.0000,-4576596480.0000,0.18901315,-0.4660,0.00601153
01.55138880,AX,MG,1867507584.0000,-4575069696.0000,0.21217806,-18.3314,0.07448249
01.55416667,AA,MG,1869694592.0000,-4576306176.0000,0.21639596,-0.0046,0.00623790
01.55416667,AX,MG,1869143680.0000,-4574772736.0000,0.19788426,-32.1709,0.06895364
01.55694437,AA,MG,1871305088.0000,-4576013312.0000,0.17073425,0.5074,0.00510355
01.55694437,AX,MG,1870730368.0000,-4574484480.0000,0.15865743,1.7760,0.08495814
01.55972224,AA,AX,574312.6875,-1528801.7500,1.12118250,-0.3263,0.00510163
01.55972224,AA,MG,1872914560.0000,-4575720448.0000,0.17512462,-0.3110,0.00509061
01.55972224,AX,MG,1872298240.0000,-4574199296.0000,0.14773437,-10.7121,0.08119863
01.56249994,AA,AX,573898.6250,-1528711.8750,1.12118836,-0.3054,0.00513225
01.56249994,AA,MG,1874523136.0000,-4575427072.0000,0.20084429,0.0125,0.00649021
01.56249994,AX,MG,1873962624.0000,-4573896192.0000,0.20878949,28.8833,0.06268678
01.56527781,AA,AX,573484.3125,-1528622.1250,1.12132965,-0.2255,0.00510004
01.56527781,AA,MG,1876130560.0000,-4575133696.0000,0.16608315,0.3818,0.00504261
01.56527781,AX,MG,1875557120.0000,-4573605376.0000,0.15119894,5.3774,0.07851567
01.56805551,AA,AX,573069.6875,-1528532.3750,1.12164738,-0.4771,0.00500892
01.56805551,AA,MG,1877737088.0000,-4574840320.0000,0.20036272,0.0300,0.00606835
01.57083338,AA,MG,1879342592.0000,-4574546432.0000,0.18507442,0.5229,0.00514452
01.57083338,AX,MG,1878785920.0000,-4573015040.0000,0.16698883,24.6104,0.07647712
01.57361108,AA,MG,1880971136.0000,-4574247424.0000,0.20975857,0.2532,0.00588854
01.57361108,AA,AX,572239.4375,-1528353.2500,1.12148672,-0.3815,0.00511876
01.57361108,AX,MG,1880377600.0000,-4572723200.0000,0.20743022,-13.2519,0.07170086
01.57638896,AA,AX,571823.8750,-1528263.7500,1.12091524,-0.4990,0.00538988
01.57638896,AA,MG,1882550656.0000,-4573957632.0000,0.20591942,0.8999,0.00606783
01.57638896,AX,MG,1881978752.0000,-4572429312.0000,0.21074822,-9.0153,0.06881299
01.57916665,AA,AX,571408.0000,-1528174.2500,1.12113869,-0.3247,0.00525936
01.57916665,AA,MG,1884153088.0000,-4573662720.0000,0.22776170,-0.4649,0.00645288
01.57916665,AX,MG,1883581696.0000,-4572134912.0000,0.23576906,-0.6080,0.06310682
01.58194453,AA,MG,1885754624.0000,-4573367808.0000,0.18854374,0.7938,0.00572231
01.58194453,AX,MG,1885183616.0000,-4571840000.0000,0.15478054,13.7604,0.07365943
01.58472222,AA,AX,570575.3750,-1527995.6250,1.12147956,-0.5365,0.00499669
01.58472222,AA,MG,1887355136.0000,-4573072896.0000,0.23279815,-0.1735,0.00607545
01.58472222,AX,MG,1886784512.0000,-4571544576.0000,0.26480645,-0.6097,0.06361311
01.58749992,AA,AX,570158.5625,-1527906.3750,1.12135082,-0.5681,0.00500173
01.58749992,AA,MG,1888954624.0000,-4572777472.0000,0.23387543,-0.2868,0.00696586
01.58749992,AX,MG,1888357760.0000,-4571254272.0000,0.24572386,-0.3770,0.05665355
01.59027779,AA,AX,569741.5000,-1527817.1250,1.12131972,-0.7959,0.00498171
01.59027779,AA,MG,1890553088.0000,-4572481536.0000,0.25233375,0.6237,0.00671888
01.59027779,AX,MG,1890001920.0000,-4570950144.0000,0.25661925,9.5287,0.05846890
01.59305549,AA,AX,569324.1250,-1527728.0000,1.12091369,-0.4434,0.00511075
01.59305549,AA,MG,1892150528.0000,-4572185600.0000,0.25242695,0.2853,0.00695879
01.59305549,AX,MG,1891581184.0000,-4570657792.0000,0.26907966,-1.2211,0.05672785
01.59583336,AA,AX,568906.4375,-1527639.0000,1.12090430,-0.7825,0.00517081
01.59583336,AA,MG,1893747072.0000,-4571889664.0000,0.24294228,-0.5379,0.00680087
01.59583336,AX,MG,1893178112.0000,-4570361856.0000,0.27401434,-25.2866,0.05872714
01.59861106,AA,AX,568488.4375,-1527550.0000,1.12100170,-0.6579,0.00509039
01.59861106,AA,MG,1895342464.0000,-4571593216.0000,0.20072484,0.4760,0.00569920
01.59861106,AX,MG,1894774016.0000,-4570065408.0000,0.20878588,1.2677,0.06898944
01.91805553,AA,AX,518458.9687,-1517764.2500,1.12067963,0.4196,0.00555202
01.92083341,AA,AX,518008.9375,-1517683.3750,1.12041881,0.0115,0.00530459
01.92083341,AA,MG,2073361664.0000,-4535553024.0000,0.21924917,-1.0033,0.00582770
01.92083341,AX,MG,2072820608.0000,-4534040064.0000,0.21307653,-0.2119,0.06884407
01.92361110,AA,MG,2074833536.0000,-4535228416.0000,0.19767322,0.3782,0.00548692
01.92361110,AA,AX,517557.1250,-1517602.3750,1.12030394,0.0199,0.00534176
01.92361110,AX,MG,2074316032.0000,-4533710848.0000,0.19429673,-49.2782,0.07062592
01.92638880,AA,AX,517105.0312,-1517521.3750,1.12085874,0.3995,0.00508791
01.92638880,AX,MG,2075787264.0000,-4533386240.0000,0.22581491,-16.7452,0.05926129
01.92916667,AA,MG,2077776512.0000,-4534578176.0000,0.21306009,-0.3181,0.00620773
01.92916667,AA,AX,516652.6875,-1517440.5000,1.12050999,0.2305,0.00524670
01.92916667,AX,MG,2077257472.0000,-4533061120.0000,0.21848055,-30.3859,0.06242923
01.93194437,AA,MG,2079242752.0000,-4534253056.0000,0.20675520,0.1157,0.00584938
01.93194437,AX,MG,2078713856.0000,-4532738560.0000,0.21068848,22.6626,0.07061981
01.93472224,AA,AX,515721.2500,-1517274.3750,1.12052774,-0.0008,0.00571706
01.93472224,AA,MG,2080710272.0000,-4533927936.0000,0.22888908,0.1404,0.00627816
01.93472224,AX,MG,2080194560.0000,-4532410368.0000,0.23728840,1.8052,0.06033548
01.93749994,AA,AX,515297.7187,-1517199.0000,1.12033163,-0.3352,0.00544986
01.94027781,AA,AX,514840.5000,-1517117.7500,1.12056037,0.3962,0.00521656
01.94027781,AA,MG,2083641984.0000,-4533276160.0000,0.20186621,0.3279,0.00551011
01.94027781,AX,MG,2083127168.0000,-4531759104.0000,0.19694773,-10.3857,0.06836694
01.94305551,AA,AX,514386.7500,-1517037.2500,1.12095780,0.2235,0.00509269
01.94305551,AA,MG,2085106176.0000,-4532950016.0000,0.20689550,0.3670,0.00523393
01.94305551,AX,MG,2084591872.0000,-4531432960.0000,0.19557116,-2.5189,0.07022707
01.94583338,AA,AX,513932.7500,-1516956.7500,1.12118921,0.0782,0.00497831
01.94861108,AA,AX,513478.4687,-1516876.3750,1.12096936,-0.0190,0.00506681
01.94861108,AA,MG,2088031360.0000,-4532297216.0000,0.20708183,-0.0078,0.00543207
01.94861108,AX,MG,2087498368.0000,-4530784768.0000,0.20707041,10.7574,0.06863490
01.95138896,AA,AX,513023.9062,-1516796.1250,1.12113212,0.0830,0.00500231
01.95416665,AA,AX,512569.0625,-1516715.8750,1.12101286,0.1617,0.00508132
01.95416665,AA,MG,2090951936.0000,-4531643392.0000,0.19853600,-0.5112,0.00512823
01.95416665,AX,MG,2090439424.0000,-4530126336.0000,0.18217345,-35.3684,0.07135879
01.95694453,AA,AX,512113.9687,-1516635.6250,1.12104910,-0.0969,0.00506859
01.95694453,AA,MG,2092410624.0000,-4531315712.0000,0.22146807,0.4593,0.00561432
01.95694453,AX,MG,2091898496.0000,-4529799168.0000,0.19970232,-40.4400,0.06498216
01.95972222,AA,AX,511658.5937,-1516555.5000,1.12081146,0.0454,0.00519633
01.95972222,AA,MG,2093868160.0000,-4530988544.0000,0.21865110,-0.4631,0.00556155
01.95972222,AX,MG,2093356416.0000,-4529472000.0000,0.22748810,7.8362,0.06721622
01.96249992,AA,MG,2095295360.0000,-4530667008.0000,0.19751496,0.9167,0.00559231
01.96249992,AX,MG,2094786688.0000,-4529149952.0000,0.17503588,28.0175,0.07360326
01.96527779,AA,AX,510738.6875,-1516394.1250,1.12063315,0.1189,0.00542775
01.96527779,AA,MG,2096779904.0000,-4530332672.0000,0.20730438,-0.2830,0.00557028
01.96527779,AX,MG,2096269056.0000,-4528816128.0000,0.18912090,16.9884,0.06861095
01.96805549,AA,MG,2098234112.0000,-4530004480.0000,0.22472881,0.1994,0.00648121
01.96805549,AX,MG,2097714048.0000,-4528489984.0000,0.19871981,11.1987,0.06186485
01.97083336,AA,AX,509833.6250,-1516235.7500,1.12070459,0.0895,0.00560470
01.97083336,AA,MG,2099687168.0000,-4529675776.0000,0.19702130,0.2122,0.00569690
01.97083336,AX,MG,2099177344.0000,-4528159744.0000,0.19916243,3.8445,0.06775145
01.97361106,AA,MG,2101141504.0000,-4529346560.0000,0.23223972,0.1161,0.00698370
01.97361106,AX,MG,2100629760.0000,-4527831040.0000,0.23345514,29.7851,0.05818298
01.97638893,AA,MG,2102589952.0000,-4529018368.0000,0.24243386,0.4559,0.00643615
01.97638893,AA,AX,508920.6875,-1516076.5000,1.12080770,0.0721,0.00528665
01.97916663,AA,AX,508463.4062,-1515996.8750,1.12074506,-0.1320,0.00529541
01.97916663,AA,MG,2104039808.0000,-4528689152.0000,0.20111507,-1.3009,0.00549600
01.97916663,AX,MG,2103531392.0000,-4527173120.0000,0.17761197,-43.5376,0.06907822
01.98194450,AA,AX,508005.8750,-1515917.3750,1.12069185,-0.2488,0.00530974
01.98194450,AA,MG,2105488384.0000,-4528359936.0000,0.23752558,0.3589,0.00609139
01.98194450,AX,MG,2104980352.0000,-4526843904.0000,0.24002351,8.0785,0.06246675
01.98472220,AA,AX,507539.6875,-1515836.3750,1.12089109,-0.3919,0.00529900
01.98472220,AA,MG,2106935936.0000,-4528030208.0000,0.16714025,-0.0619,0.00441976
01.98750007,AA,AX,507097.6250,-1515759.8750,1.12084261,-0.0712,0.00529410
01.98750007,AA,MG,2108382208.0000,-4527700480.0000,0.22619389,0.1561,0.00607721
01.98750007,AX,MG,2107875200.0000,-4526184960.0000,0.19949446,-31.9351,0.06110727
01.99027777,AA,AX,506631.6562,-1515679.2500,1.12095497,-0.3180,0.00513458
01.99027777,AA,MG,2109827456.0000,-4527370240.0000,0.19562652,-0.6781,0.00492991
01.99027777,AX,MG,2109320832.0000,-4525854720.0000,0.17272040,27.4635,0.07453672
01.99305564,AA,MG,2111283712.0000,-4527037440.0000,0.18521202,0.0931,0.00459759
01.99305564,AA,AX,506173.0312,-1515600.0000,1.12073746,-0.1634,0.00519526
01.99305564,AX,MG,2110765440.0000,-4525524480.0000,0.18387381,-2.9055,0.08249749
01.99583334,AA,AX,505714.1250,-1515520.7500,1.12080975,-0.0338,0.00513980
01.99583334,AA,MG,2112714624.0000,-4526709760.0000,0.18324746,0.0402,0.00466363
01.99861103,AA,AX,505254.9687,-1515441.7500,1.12103866,-0.1052,0.00505623
01.99861103,AA,MG,2114156544.0000,-4526379008.0000,0.23228685,0.7738,0.00628806
01.99861103,AX,MG,2113651328.0000,-4524863488.0000,0.21626256,26.4950,0.05746805
02.00138891,AA,MG,2115597312.0000,-4526048256.0000,0.17525688,-0.8327,0.00465326
02.00138891,AX,MG,2115092480.0000,-4524532736.0000,0.15788930,-11.7066,0.07539801
02.00416660,AA,MG,2117051264.0000,-4525713408.0000,0.16690783,0.3957,0.00436535
02.00416660,AX,MG,2116532608.0000,-4524201472.0000,0.14500114,-21.8585,0.08476663
02.00694448,AA,AX,503875.9062,-1515204.8750,1.12088269,-0.1702,0.00506555
02.00694448,AA,MG,2118475392.0000,-4525385728.0000,0.18740420,0.1842,0.00484852
02.00694448,AX,MG,2117947520.0000,-4523875840.0000,0.20488531,-27.4362,0.07610472
02.00972217,AA,AX,503409.5312,-1515125.0000,1.12087942,-0.0838,0.00516519
02.01250005,AA,AX,502980.3125,-1515051.6250,1.12080810,-0.4733,0.00542531
02.01250005,AA,MG,2121348992.0000,-4524722176.0000,0.18573176,0.5469,0.00495872
02.01250005,AX,MG,2120846080.0000,-4523207168.0000,0.17128685,18.3470,0.07319281
02.01527774,AA,AX,502494.4062,-1514968.6250,1.12096446,-0.1359,0.00505445
02.01527774,AA,MG,2122784128.0000,-4524389888.0000,0.20384158,0.1986,0.00522306
02.01527774,AX,MG,2122261760.0000,-4522880000.0000,0.19953778,-12.2275,0.07192193
02.07083327,AA,AX,493109.9062,-1513391.7500,1.12095131,0.1475,0.00722015
02.07083327,AA,MG,2151248640.0000,-4517702144.0000,0.22395076,0.1703,0.00565842
02.07083327,AX,MG,2151094272.0000,-4516107776.0000,0.20918735,3.6773,0.08662280
02.07361114,AA,AX,492757.0312,-1513333.3750,1.12102545,0.1025,0.00491723
02.07361114,AA,MG,2152659968.0000,-4517365248.0000,0.22002472,-0.7734,0.00556407
02.07361114,AX,MG,2152167168.0000,-4515852288.0000,0.20852419,18.5700,0.06240760
02.07638884,AA,AX,492290.4375,-1513256.2500,1.12085843,-0.0028,0.00499949
02.07638884,AA,MG,2154070016.0000,-4517028352.0000,0.22129420,0.1122,0.00560610
02.07638884,AX,MG,2153554176.0000,-4515521024.0000,0.22442434,-35.4801,0.06423584
02.07916671,AX,MG,2154987008.0000,-4515177984.0000,0.20596182,-16.6534,0.06601682
02.08194441,AA,AX,491371.8750,-1513105.0000,1.12098937,0.3941,0.00517531
02.08194441,AA,MG,2156886784.0000,-4516354048.0000,0.22441254,0.1303,0.00579444
02.08194441,AX,MG,2156395520.0000,-4514840576.0000,0.22375418,-15.8141,0.06041634
02.08472228,AA,AX,490889.0625,-1513025.5000,1.12082457,0.2113,0.00509594
02.08472228,AA,MG,2158293504.0000,-4516016128.0000,0.22081201,-0.2018,0.00601004
02.08472228,AX,MG,2157802496.0000,-4514503168.0000,0.22317207,21.4251,0.05975868
02.08749998,AA,MG,2159698944.0000,-4515678208.0000,0.22484322,-0.4284,0.00606922
02.08749998,AA,AX,490421.4375,-1512948.7500,1.12093214,-0.1592,0.00505478
02.09027785,AA,AX,489953.5625,-1512872.1250,1.12113332,-0.1151,0.00499564
02.09305555,AA,AX,489485.4062,-1512795.3750,1.12096873,0.0295,0.00511542
02.09305555,AA,MG,2162506496.0000,-4515001856.0000,0.22390643,-0.3331,0.00594246
02.09305555,AX,MG,2162017024.0000,-4513489408.0000,0.23286244,14.4803,0.06058661
02.09583342,AA,AX,489016.9687,-1512718.8750,1.12082734,-0.0286,0.00516284
02.09583342,AA,MG,2163908608.0000,-4514663424.0000,0.21942484,-0.3928,0.00586507
02.09583342,AX,MG,2163415040.0000,-4513152000.0000,0.20805318,-5.2914,0.06320385
02.09861112,AA,AX,488548.3125,-1512642.3750,1.12097996,0.2661,0.00507897
02.10138881,AX,MG,2166240000.0000,-4512468992.0000,0.15723592,3.3902,0.07682882
02.10416669,AA,AX,487610.1875,-1512489.6250,1.12102039,-0.0203,0.00509370
02.10694438,AA,AX,487140.7187,-1512413.3750,1.12108929,-0.1662,0.00507883
02.10694438,AA,MG,2169505536.0000,-4513307648.0000,0.19010281,-0.2878,0.00472321
02.10694438,AX,MG,2169011456.0000,-4511796736.0000,0.15841884,28.4085,0.07706685
02.10972226,AA,AX,486671.0312,-1512337.2500,1.12107955,0.0640,0.00508376
02.10972226,AA,MG,2170901760.0000,-4512967680.0000,0.19971548,-0.4040,0.00505550
02.10972226,AX,MG,2170415104.0000,-4511455744.0000,0.17376790,17.9368,0.07064203
02.11249995,AA,MG,2172296960.0000,-4512628224.0000,0.21922017,0.9088,0.00617848
02.11249995,AX,MG,2171831808.0000,-4511110656.0000,0.22645003,5.1611,0.06116233
02.11527783,AA,MG,2173690880.0000,-4512288256.0000,0.22037483,-0.4383,0.00570021
02.11527783,AX,MG,2173205248.0000,-4510775808.0000,0.20250020,-39.8418,0.06204389
02.11805552,AA,AX,485261.9062,-1512109.3750,1.12096434,-0.0172,0.00527154
02.11805552,AA,MG,2175083776.0000,-4511947776.0000,0.22401556,0.3620,0.00647717
02.11805552,AX,MG,2174621696.0000,-4510430208.0000,0.23131092,8.8005,0.05744124
02.12083340,AA,AX,484782.5312,-1512032.0000,1.12107048,-0.0440,0.00523292
02.12083340,AA,MG,2176475648.0000,-4511607296.0000,0.22736248,0.5635,0.00627168
02.12083340,AX,MG,2175990784.0000,-4510095360.0000,0.22244432,-12.1736,0.05778561
02.12361109,AA,MG,2177865984.0000,-4511266816.0000,0.19332905,0.5712,0.00535371
02.12361109,AX,MG,2177381632.0000,-4509754880.0000,0.19111326,5.1732,0.06970319
02.12638897,AA,AX,483847.3125,-1511881.6250,1.12096008,0.1014,0.00517304
02.12916666,AA,MG,2180657664.0000,-4510581248.0000,0.17079293,-0.2190,0.00498631
02.12916666,AX,MG,2180160256.0000,-4509072896.0000,0.17057357,8.3112,0.07717162
02.13194436,AA,MG,2182037760.0000,-4510241792.0000,0.19602918,0.2502,0.00533876
02.13194436,AA,AX,482904.0312,-1511730.3750,1.12106326,-0.0996,0.00506186
02.13194436,AX,MG,2181547776.0000,-4508731392.0000,0.19721667,-29.9934,0.06915933
02.13472223,AA,AX,482440.6562,-1511656.2500,1.12112900,-0.0629,0.00508577
02.13749993,AA,AX,481959.7187,-1511579.3750,1.12121283,-0.1320,0.00490180
02.13749993,AA,MG,2184801280.0000,-4509559808.0000,0.20069251,0.6461,0.00512102
02.13749993,AX,MG,2184319488.0000,-4508048384.0000,0.19913948,-0.6687,0.06889715
02.14027780,AA,AX,481487.1875,-1511504.0000,1.12117629,-0.0669,0.00487720
02.14027780,AA,MG,2186184960.0000,-4509217792.0000,0.23514601,0.5503,0.00609618
02.14027780,AX,MG,2185691392.0000,-4507709440.0000,0.20571812,-10.5046,0.06024861
02.14305550,AA,AX,481014.3750,-1511428.6250,1.12077007,-0.2061,0.00504331
02.14305550,AA,MG,2187567360.0000,-4508875776.0000,0.21112930,-0.3956,0.00565485
02.14305550,AX,MG,2187086336.0000,-4507364352.0000,0.20402210,-1.2805,0.06464818
02.14583337,AA,AX,480541.3125,-1511353.3750,1.12092066,-0.0001,0.00495833
02.14583337,AA,MG,2188948736.0000,-4508533248.0000,0.19735901,-0.3011,0.00508213
02.14861107,AA,MG,2190328832.0000,-4508190720.0000,0.20888987,0.5527,0.00572263
02.14861107,AX,MG,2189848576.0000,-4506679296.0000,0.20269083,-3.3222,0.06502984
02.15138894,AA,AX,479594.4375,-1511203.2500,1.12088162,-0.0421,0.00495455
02.15138894,AA,MG,2191707648.0000,-4507848192.0000,0.22266795,-0.3277,0.00569661
02.15138894,AX,MG,2191228160.0000,-4506336768.0000,0.18331621,-11.5733,0.06371112
02.15416664,AA,AX,479120.6250,-1511128.2500,1.12095161,0.0977,0.00488912
02.15416664,AX,MG,2192606208.0000,-4505993728.0000,0.17489254,-1.7279,0.07726678
02.15694451,AA,MG,2194445824.0000,-4507165696.0000,0.23613132,-0.2326,0.00601858
02.15694451,AA,AX,478646.5312,-1511053.2500,1.12106443,-0.0033,0.00483804
02.15972221,AA,AX,478172.2187,-1510978.3750,1.12108868,-0.0616,0.00484607
02.15972221,AA,MG,2195837440.0000,-4506818048.0000,0.21624246,0.1972,0.00557769
02.15972221,AX,MG,2195341056.0000,-4505311744.0000,0.21427992,-2.3422,0.06554292
02.16250008,AA,AX,477707.1250,-1510905.1250,1.12084868,-0.0709,0.00504756
02.16250008,AA,MG,2197184256.0000,-4506481152.0000,0.21044963,0.2084,0.00556532
02.16250008,AX,MG,2196733952.0000,-4504963584.0000,0.21392333,-23.1889,0.06702228
02.16527778,AA,MG,2198603008.0000,-4506125824.0000,0.22829617,0.6764,0.00631296
02.16527778,AA,AX,477222.7812,-1510828.8750,1.12081280,0.1428,0.00491411
02.43472230,AA,MG,2326109696.0000,-4471777280.0000,0.19075233,0.3552,0.00495131
02.43750000,AA,AX,429377.9687,-1503857.6250,1.12078618,0.3321,0.00682075
02.44027770,AA,MG,2328606208.0000,-4471052288.0000,0.19061384,0.7710,0.00511438
02.44027770,AX,MG,2328189696.0000,-4469544960.0000,0.18478673,-12.7756,0.06855689
02.44305557,AA,AX,428499.9687,-1503739.5000,1.12089462,0.3054,0.00488257
02.44305557,AX,MG,2329442816.0000,-4469180416.0000,0.23382374,-7.7815,0.05626865
02.44583327,AA,AX,427991.6562,-1503671.2500,1.12094075,0.3888,0.00497578
02.44583327,AX,MG,2330694912.0000,-4468815872.0000,0.17627434,-28.3956,0.07504493
02.44861114,AA,AX,427507.4687,-1503606.3750,1.12082326,-0.1088,0.00511632
02.44861114,AA,MG,2332372992.0000,-4469954560.0000,0.20420531,0.1321,0.00516707
02.45138884,AA,MG,2333622016.0000,-4469589504.0000,0.19644362,0.3993,0.00515039
02.45138884,AX,MG,2333195008.0000,-4468086272.0000,0.20276663,-0.9423,0.06428292
02.45416671,AA,AX,426501.9375,-1503472.0000,1.12098570,0.0333,0.00498556
02.45416671,AX,MG,2334443264.0000,-4467721216.0000,0.22786542,-2.6087,0.05933028
02.45694441,AA,AX,426001.8125,-1503405.2500,1.12094014,-0.0410,0.00501524
02.45694441,AA,MG,2336116224.0000,-4468858880.0000,0.19576003,0.5731,0.00533699
02.45694441,AX,MG,2335690240.0000,-4467355648.0000,0.19923460,23.4150,0.06331665
02.45972228,AA,MG,2337376000.0000,-4468489216.0000,0.19473293,-0.1580,0.00560287
02.45972228,AA,AX,425501.5000,-1503338.6250,1.12065044,0.2352,0.00508298
02.46249998,AA,MG,2338588928.0000,-4468132352.0000,0.19973150,0.7992,0.00579092
02.46249998,AA,AX,425000.9687,-1503272.1250,1.12091458,0.0793,0.00502905
02.46249998,AX,MG,2338180352.0000,-4466624000.0000,0.20300013,-10.2417,0.05913419
02.46527785,AA,MG,2339848192.0000,-4467761664.0000,0.19533474,0.2056,0.00496656
02.46527785,AX,MG,2339423744.0000,-4466258432.0000,0.18221633,9.5708,0.06660048
02.46805555,AA,AX,423999.2187,-1503139.2500,1.12088010,0.0353,0.00499776
02.46805555,AX,MG,2340665600.0000,-4465892352.0000,0.24710919,12.1325,0.05359806
02.47083342,AA,AX,423495.5000,-1503072.6250,1.12075839,0.0785,0.00514827
02.47083342,AA,MG,2342329856.0000,-4467028992.0000,0.18095580,0.5484,0.00450560
02.47083342,AX,MG,2341925120.0000,-4465520128.0000,0.17958527,0.1927,0.07508256
02.47361112,AA,AX,423026.6875,-1503010.6250,1.12073337,0.0832,0.00539764
02.47361112,AA,MG,2343546112.0000,-4466669056.0000,0.22216081,0.0108,0.00573017
02.47361112,AX,MG,2343166464.0000,-4465153024.0000,0.20651245,-7.5513,0.06018649
02.47638881,AA,AX,422494.9375,-1502940.5000,1.12077866,-0.3670,0.00505920
02.47638881,AA,MG,2344806656.0000,-4466295296.0000,0.20003427,-0.3361,0.00507446
02.47638881,AX,MG,2344384256.0000,-4464792576.0000,0.19626409,17.2751,0.06492664
02.47916669,AA,MG,2346043136.0000,-4465928192.0000,0.20719188,0.4388,0.00535698
02.47916669,AA,AX,421993.0312,-1502874.5000,1.12062897,0.0285,0.00508448
02.47916669,AX,MG,2345621248.0000,-4464425472.0000,0.19184609,9.1077,0.06165591
02.48472226,AA,MG,2348512512.0000,-4465193984.0000,0.21484029,0.4555,0.00532334
02.48472226,AX,MG,2348108032.0000,-4463686144.0000,0.21825258,0.5300,0.06254022
02.48749995,AA,AX,420486.0312,-1502676.7500,1.12074997,-0.0882,0.00497801
02.48749995,AA,MG,2349745408.0000,-4464826368.0000,0.18735325,0.2967,0.00491010
02.48749995,AX,MG,2349324800.0000,-4463323648.0000,0.17959432,-10.7303,0.06536580
02.49027783,AA,AX,419981.5937,-1502610.7500,1.12084845,-0.3674,0.00503213
02.49027783,AA,MG,2350976768.0000,-4464458240.0000,0.19109824,-0.2082,0.00471527
02.49305552,AA,AX,419480.2500,-1502545.2500,1.12086136,-0.1413,0.00492939
02.49305552,AA,MG,2352207104.0000,-4464090624.0000,0.21262226,-0.0874,0.00536390
02.49305552,AX,MG,2351810048.0000,-4462581248.0000,0.20871326,0.2155,0.06023481
02.49583340,AA,AX,418965.6562,-1502478.2500,1.12103026,-0.0486,0.00507965
02.49583340,AA,MG,2353436160.0000,-4463722496.0000,0.22145749,-0.2596,0.00549739
02.49583340,AX,MG,2353010688.0000,-4462221824.0000,0.22294323,0.0375,0.05933578
02.49861109,AA,AX,418473.5625,-1502414.1250,1.12106819,-0.0502,0.00489641
02.49861109,AA,MG,2354663936.0000,-4463353856.0000,0.21308276,0.2499,0.00543807
02.49861109,AX,MG,2354245376.0000,-4461851648.0000,0.20932285,-0.1700,0.05783141
02.50138897,AA,AX,417960.6562,-1502347.5000,1.12090806,-0.3683,0.00511168
02.50138897,AA,MG,2355890432.0000,-4462985216.0000,0.22759125,-0.0421,0.00583865
02.50138897,AX,MG,2355472384.0000,-4461483008.0000,0.23037954,-26.6517,0.05509230
02.50416666,AA,AX,417474.4062,-1502284.5000,1.12070516,-0.2426,0.00523311
02.50694436,AA,AX,416961.9062,-1502218.1250,1.12085045,-0.1295,0.00510017
02.50694436,AA,MG,2358339584.0000,-4462247936.0000,0.19953845,-0.9112,0.00535983
02.50694436,AX,MG,2357938944.0000,-4460740608.0000,0.19871758,19.1941,0.06239058
02.50972223,AA,AX,416462.8125,-1502153.6250,1.12103552,-0.2514,0.00526769
02.50972223,AA,MG,2359562496.0000,-4461878784.0000,0.21913477,-0.4181,0.00586759
02.50972223,AX,MG,2359145984.0000,-4460376576.0000,0.22827036,-24.0974,0.05531947
02.51249993,AA,MG,2360796160.0000,-4461505536.0000,0.20684446,0.4147,0.00549377
02.51249993,AX,MG,2360367872.0000,-4460007424.0000,0.19895727,-0.6954,0.05882958
02.51527780,AA,MG,2362004224.0000,-4461139968.0000,0.19534168,-0.2456,0.00523976
02.51527780,AA,AX,415448.2187,-1502022.7500,1.12111533,-0.4334,0.00495899
02.51527780,AX,MG,2361588736.0000,-4459637760.0000,0.22021286,-15.1085,0.06081289
02.51805550,AA,AX,414943.2187,-1501957.7500,1.12099872,-0.2627,0.00493389
02.51805550,AA,MG,2363223296.0000,-4460770304.0000,0.19824221,-0.6383,0.00497640
02.51805550,AX,MG,2362808320.0000,-4459268096.0000,0.19841949,-17.1104,0.06371108
02.52083337,AA,AX,414430.0937,-1501891.8750,1.12103776,-0.4889,0.00510766
02.52361107,AA,AX,413932.5312,-1501828.0000,1.12093720,-0.1991,0.00491515
02.52361107,AA,MG,2365657344.0000,-4460029952.0000,0.19784294,-0.7696,0.00486561
02.52361107,AX,MG,2365243392.0000,-4458528256.0000,0.20199524,-20.8567,0.06492337
02.52638894,AA,AX,413426.8750,-1501763.3750,1.12079523,-0.3864,0.00493488
02.52638894,AX,MG,2366483456.0000,-4458150912.0000,0.23674080,-11.3262,0.05684949
02.52916664,AA,AX,412921.0000,-1501698.6250,1.12118356,-0.3731,0.00490591
02.52916664,AA,MG,2368086528.0000,-4459289600.0000,0.18403405,-0.1668,0.00459135
02.52916664,AX,MG,2367673600.0000,-4457787904.0000,0.17926750,38.7179,0.06868032
02.53194451,AA,MG,2369293312.0000,-4458920448.0000,0.19773385,-0.3051,0.00501927
02.53194451,AA,AX,412414.9062,-1501634.1250,1.12092080,-0.5462,0.00488604
02.53194451,AX,MG,2368886784.0000,-4457417216.0000,0.19764364,-7.8146,0.06386464
02.58472216,AA,AX,402755.8437,-1500422.1250,1.12076710,0.1317,0.00510012
02.58472216,AA,MG,2392100608.0000,-4451840512.0000,0.17819261,-0.2685,0.00445706
02.58472216,AX,MG,2391699712.0000,-4450339840.0000,0.17947308,1.8989,0.07528470
02.58750004,AA,MG,2393305600.0000,-4451460608.0000,0.19729132,-1.4890,0.00520796
02.58750004,AX,MG,2392885760.0000,-4449966080.0000,0.19011474,8.3048,0.06217780
02.59027773,AA,AX,401736.4687,-1500296.3750,1.12070307,-0.2126,0.00502255
02.59027773,AA,MG,2394473984.0000,-4451091968.0000,0.19752404,-0.8092,0.00510029
02.59027773,AX,MG,2394082048.0000,-4449588224.0000,0.19709061,-32.8985,0.06468775
02.59305561,AA,MG,2395658752.0000,-4450717184.0000,0.17408038,-0.7162,0.00428258
02.59583330,AA,AX,400705.1562,-1500169.6250,1.12087078,-0.1971,0.00512116
02.59583330,AA,MG,2396842496.0000,-4450341888.0000,0.18586006,-0.2759,0.00484474
02.59583330,AX,MG,2396441600.0000,-4448841728.0000,0.17492544,9.2192,0.06666724
02.59861118,AA,AX,400210.9062,-1500109.1250,1.12079318,-0.1077,0.00512174
02.60138887,AA,AX,399691.7187,-1500045.6250,1.12075795,0.1092,0.00504650
02.60416675,AA,MG,2400385536.0000,-4449216000.0000,0.17851607,-0.1820,0.00471851
02.60694444,AA,MG,2401563904.0000,-4448840192.0000,0.22260063,-0.1894,0.00607036
02.60694444,AA,AX,398668.0937,-1499920.6250,1.12075255,-0.0351,0.00509806
02.60972214,AA,MG,2402740992.0000,-4448464384.0000,0.20815712,0.1822,0.00533491
02.60972214,AA,AX,398155.9375,-1499858.3750,1.12081754,-0.2030,0.00505484
02.60972214,AX,MG,2402354688.0000,-4446960640.0000,0.20868554,8.9302,0.06227246
02.61250001,AA,AX,397643.5937,-1499796.1250,1.12066653,0.0544,0.00514457
02.61250001,AA,MG,2403917056.0000,-4448088576.0000,0.21703348,-1.5293,0.00571775
02.61250001,AX,MG,2403542784.0000,-4446581248.0000,0.22010430,4.4653,0.05913808
02.61527771,AA,AX,397127.6250,-1499733.5000,1.12073063,-0.5337,0.00524214
02.61527771,AA,MG,2405099520.0000,-4447709696.0000,0.18688324,-0.3037,0.00518113
02.61527771,AX,MG,2404694528.0000,-4446212608.0000,0.18649749,-19.6899,0.06516170
02.61805558,AA,MG,2406265088.0000,-4447335424.0000,0.20660016,-0.3356,0.00500879
02.61805558,AX,MG,2405872384.0000,-4445834752.0000,0.19324810,-23.9955,0.06468121
02.62083328,AA,AX,396109.5312,-1499610.2500,1.12087392,0.1670,0.00511736
02.62083328,AA,MG,2407437056.0000,-4446959104.0000,0.20144166,0.0648,0.00484968
02.62083328,AX,MG,2407041024.0000,-4445459456.0000,0.19206068,-0.3933,0.06659376
02.62361115,AA,AX,395602.3437,-1499549.0000,1.12088653,0.0733,0.00511037
02.62361115,AA,MG,2408588288.0000,-4446588416.0000,0.20514390,-0.8633,0.00525049
02.62361115,AX,MG,2408212224.0000,-4445082624.0000,0.20258911,1.8959,0.06269747
02.62638885,AA,MG,2409777408.0000,-4446205440.0000,0.20101173,0.3999,0.00496330
02.62638885,AX,MG,2409372672.0000,-4444708864.0000,0.19861759,-13.2137,0.06604317
02.62916672,AA,MG,2410945536.0000,-4445828096.0000,0.20890154,-0.5721,0.00503140
02.62916672,AA,AX,394565.0312,-1499424.1250,1.12081824,-0.1263,0.00501423
02.62916672,AX,MG,2410551040.0000,-4444328960.0000,0.20783185,-26.3563,0.06427208
02.63194442,AA,AX,394051.2187,-1499362.5000,1.12079966,-0.0028,0.00500985
02.63194442,AX,MG,2411704832.0000,-4443955712.0000,0.23390960,-9.4575,0.05741189
02.63472229,AA,AX,393537.1875,-1499300.8750,1.12061435,-0.0769,0.00507635
02.63749999,AA,AX,393022.9375,-1499239.3750,1.12064267,0.0056,0.00505480
02.63749999,AX,MG,2414049536.0000,-4443196416.0000,0.23465641,23.0993,0.05650545
02.64027786,AA,MG,2415605760.0000,-4444317696.0000,0.21263836,0.2737,0.00548569
02.64027786,AX,MG,2415228672.0000,-4442813440.0000,0.20103055,-54.6244,0.06105555
02.64305556,AA,AX,391993.8125,-1499116.5000,1.12076834,-0.1130,0.00497833
02.64305556,AA,MG,2416767744.0000,-4443939328.0000,0.22177615,-0.6300,0.00550232
02.64305556,AX,MG,2416375808.0000,-4442440704.0000,0.21900071,-5.7998,0.05859950
02.64583325,AA,MG,2417928192.0000,-4443561472.0000,0.19418107,1.2086,0.00483425
02.64583325,AX,MG,2417558016.0000,-4442055168.0000,0.18245115,-34.2710,0.06931146
02.64861113,AA,MG,2419087616.0000,-4443183104.0000,0.19450978,-0.0617,0.00482275
02.64861113,AA,AX,390963.8750,-1498994.0000,1.12068686,-0.0632,0.00500240
02.64861113,AX,MG,2418696448.0000,-4441683968.0000,0.18380793,-13.2188,0.06877341
02.65138882,AA,AX,390439.1250,-1498931.7500,1.12077204,-0.0483,0.00506190
02.65138882,AA,MG,2420245504.0000,-4442804224.0000,0.21075075,-0.6354,0.00538243
02.65138882,AX,MG,2419855104.0000,-4441305088.0000,0.19204914,-35.8830,0.05995175
02.65416670,AA,AX,389941.6875,-1498872.7500,1.12070857,0.0358,0.00510069
02.65416670,AA,MG,2421402112.0000,-4442425344.0000,0.19499766,0.7587,0.00494409
02.65416670,AX,MG,2421012224.0000,-4440926720.0000,0.19198215,0.0586,0.06586481
02.65694439,AA,AX,389417.3750,-1498810.7500,1.12084895,0.0561,0.00492975
02.65694439,AA,MG,2422557440.0000,-4442046464.0000,0.21891493,0.1309,0.00520491
02.65694439,AX,MG,2422168064.0000,-4440547840.0000,0.22800372,11.4440,0.06180880
02.65972227,AA,AX,388905.7812,-1498750.3750,1.12080626,0.2152,0.00505591
02.65972227,AA,MG,2423711488.0000,-4441667072.0000,0.21043906,0.4299,0.00516587
02.65972227,AX,MG,2423322624.0000,-4440168448.0000,0.21224551,-7.2609,0.06267839
02.66249996,AA,MG,2424879872.0000,-4441283072.0000,0.22205248,0.0768,0.00589092
02.66249996,AA,AX,388385.3437,-1498689.1250,1.12072038,0.1238,0.00504786
02.66249996,AX,MG,2424451840.0000,-4439797248.0000,0.23204061,4.8567,0.05969231
02.66527784,AA,AX,387869.8750,-1498628.5000,1.12083019,-0.0533,0.00517129
02.66527784,AA,MG,2426016000.0000,-4440908288.0000,0.20367665,-0.0468,0.00550089
02.66527784,AX,MG,2425627904.0000,-4439409664.0000,0.19442779,1.3774,0.06038093
02.66805553,AA,AX,387343.9062,-1498566.6250,1.12087808,0.3278,0.00514379
02.66805553,AA,MG,2427166208.0000,-4440528896.0000,0.22871915,0.6871,0.00605331
02.67083341,AA,AX,386833.9687,-1498506.8750,1.12067002,-0.2072,0.00544033
02.67083341,AA,MG,2428315136.0000,-4440148992.0000,0.21226052,0.3382,0.00568932
02.67083341,AX,MG,2427928320.0000,-4438650368.0000,0.18448542,8.0390,0.06030135
02.67361110,AA,MG,2429462784.0000,-4439768576.0000,0.23245673,0.0945,0.00626156
02.67361110,AX,MG,2429076480.0000,-4438270464.0000,0.23033710,-40.5968,0.05337918
02.67638880,AA,AX,385801.6875,-1498386.2500,1.12082825,0.1368,0.00525165
02.67916667,AA,MG,2431754240.0000,-4439008256.0000,0.23565599,0.4062,0.00659494
02.67916667,AX,MG,2431368704.0000,-4437509632.0000,0.24714540,-5.3518,0.05385182
02.68194437,AA,AX,384772.8125,-1498266.3750,1.12081951,-0.0933,0.00533063
03.00138903,AA,MG,2555652864.0000,-4393717248.0000,0.17636689,0.0301,0.00524816
03.00694442,AA,MG,2557631232.0000,-4392916992.0000,0.18293769,0.2659,0.00524374
03.00972211,AA,MG,2558618368.0000,-4392516608.0000,0.18867345,-0.3290,0.00527935
03.01250017,AA,MG,2559603968.0000,-4392116224.0000,0.18482045,0.7199,0.00535881
03.01527786,AA,MG,2560588288.0000,-4391715840.0000,0.17804098,-1.1075,0.00543827
03.01805556,AA,MG,2561571328.0000,-4391314944.0000,0.17828045,0.5171,0.00551739
03.02361095,AA,MG,2563533312.0000,-4390513152.0000,0.18516977,-0.9333,0.00567513
03.02638900,AA,MG,2564512256.0000,-4390111744.0000,0.17769754,-0.9630,0.00573908
03.03472209,AA,MG,2567440896.0000,-4388907008.0000,0.18302892,0.1288,0.00586665
03.03750014,AA,MG,2568401408.0000,-4388510720.0000,0.18711459,0.0361,0.00603011
03.04305553,AA,MG,2570357248.0000,-4387701248.0000,0.16707422,0.5083,0.00594080
03.04583323,AA,MG,2571326464.0000,-4387298816.0000,0.18375747,0.2049,0.00585416
03.04861128,AA,MG,2572294656.0000,-4386896384.0000,0.17998371,-0.9552,0.00576803
03.05138898,AA,MG,2573261312.0000,-4386493952.0000,0.18452592,-0.1032,0.00568177
03.05416667,AA,MG,2574239488.0000,-4386085888.0000,0.17636891,0.1987,0.00571004
03.05694437,AA,MG,2575190528.0000,-4385688576.0000,0.16860295,0.1674,0.00551043
03.05972207,AA,MG,2576152832.0000,-4385285120.0000,0.18206706,0.7093,0.00557708
03.06250012,AA,MG,2577114112.0000,-4384882176.0000,0.16832058,-1.2728,0.00547496
03.06527781,AA,MG,2578073856.0000,-4384478720.0000,0.16742404,0.3163,0.00548661
03.06805551,AA,MG,2579032320.0000,-4384075264.0000,0.16567246,0.5677,0.00549526
03.07361126,AA,MG,2580945152.0000,-4383267840.0000,0.17617519,0.0009,0.00551516
03.07638896,AA,MG,2581899264.0000,-4382863872.0000,0.17591147,0.3187,0.00550879
03.07916665,AA,MG,2582852352.0000,-4382459904.0000,0.17161256,-0.4229,0.00547961
03.08194435,AA,MG,2583803904.0000,-4382055424.0000,0.16985864,-0.0192,0.00545045
03.08472240,AA,MG,2584753920.0000,-4381651456.0000,0.18025159,-0.5619,0.00542070
03.08750010,AA,MG,2585690112.0000,-4381252096.0000,0.16472006,0.2712,0.00550362
03.09027779,AA,MG,2586650368.0000,-4380841984.0000,0.17448762,-0.5693,0.00536234
03.09305549,AA,MG,2587596288.0000,-4380436992.0000,0.17097108,0.4718,0.00534507
03.09861124,AA,MG,2589484288.0000,-4379627008.0000,0.18392227,-0.4453,0.00534128
03.15138888,AA,MG,2607145216.0000,-4371901952.0000,0.18012885,0.2915,0.00531031
03.15416658,AA,MG,2608060928.0000,-4371493888.0000,0.18341351,0.0637,0.00530412
03.15694427,AA,MG,2608993536.0000,-4371077632.0000,0.18368164,0.4555,0.00541169
03.15972233,AA,MG,2609888000.0000,-4370677760.0000,0.17962400,0.6194,0.00528798
03.16250002,AA,MG,2610799616.0000,-4370269184.0000,0.18669968,0.3015,0.00525704
03.16527772,AA,MG,2611709696.0000,-4369860608.0000,0.18804991,0.7595,0.00522627
03.16805542,AA,MG,2612618496.0000,-4369451520.0000,0.18610237,0.4797,0.00519566
03.17083347,AA,MG,2613525760.0000,-4369042944.0000,0.18975143,0.2753,0.00516483
03.17361116,AA,MG,2614431744.0000,-4368633856.0000,0.19003885,0.1655,0.00513411
03.17638886,AA,MG,2615336448.0000,-4368224768.0000,0.18135716,0.4211,0.00514671
03.17916656,AA,MG,2616239616.0000,-4367815168.0000,0.18262793,0.0017,0.00521820
03.18472230,AA,MG,2618041600.0000,-4366996480.0000,0.18999689,-0.3375,0.00536085
03.19027770,AA,MG,2619838208.0000,-4366176768.0000,0.18758030,0.4800,0.00550393
03.19305539,AA,MG,2620743424.0000,-4365762560.0000,0.18835625,0.1855,0.00562921
03.19583344,AA,MG,2621629440.0000,-4365356544.0000,0.18608041,0.0099,0.00544645
03.20138884,AA,MG,2623425280.0000,-4364531200.0000,0.18679508,-1.0213,0.00541551
03.20416653,AA,MG,2624305408.0000,-4364125184.0000,0.19179993,-0.2625,0.00523660
03.20694458,AA,MG,2625194752.0000,-4363714560.0000,0.18180249,0.3641,0.00516707
03.20972228,AA,MG,2626082560.0000,-4363303424.0000,0.18965458,0.4352,0.00512681
03.21527767,AA,MG,2627854080.0000,-4362481664.0000,0.18684121,0.2324,0.00513012
03.21805573,AA,MG,2628737792.0000,-4362070528.0000,0.17790957,-0.9032,0.00513208
03.22083342,AA,MG,2629627392.0000,-4361655296.0000,0.17948349,-0.9411,0.00523947
03.22361112,AA,MG,2630500864.0000,-4361247232.0000,0.18345493,0.0683,0.00513503
03.22638881,AA,MG,2631377408.0000,-4360837120.0000,0.18110542,-0.2759,0.00526056
03.22916651,AA,MG,2632258304.0000,-4360423936.0000,0.18725124,-0.0223,0.00519734
03.23194456,AA,MG,2633135104.0000,-4360011776.0000,0.17702333,-0.1166,0.00524106
03.23472226,AA,MG,2634027776.0000,-4359591424.0000,0.18659104,-0.5532,0.00539384
03.23749995,AA,MG,2634897152.0000,-4359181312.0000,0.18447538,-0.6996,0.00543821
03.24027765,AA,MG,2635756544.0000,-4358775296.0000,0.18406725,-0.7792,0.00537112
03.24305570,AA,MG,2636611584.0000,-4358370304.0000,0.18068990,-0.2076,0.00550770
03.24583340,AA,MG,2637497344.0000,-4357949952.0000,0.18451312,-0.3894,0.00539624
03.46805549,AA,LM,2154419968.0000,-3196751360.0000,0.02744435,-1.7478,0.00140871
03.46805549,LM,MG,548067712.0000,-1127766016.0000,0.17257406,-25.0046,0.01804946
03.47083318,AA,LM,2154561024.0000,-3196414208.0000,0.03541984,0.7149,0.00140899
03.47083318,AA,MG,2703242240.0000,-4324094464.0000,0.18389139,-0.1719,0.00512970
03.47083318,LM,MG,548681152.0000,-1127680256.0000,0.17606330,-36.3025,0.01842762
03.47361124,AA,MG,2703995392.0000,-4323671040.0000,0.19295233,0.0422,0.00512562
03.47638893,AA,LM,2154840064.0000,-3195739904.0000,0.02988019,-0.3865,0.00140519
03.47638893,AA,MG,2704747264.0000,-4323248128.0000,0.19453628,-0.4213,0.00512164
03.47916663,AA,LM,2154979584.0000,-3195398144.0000,0.03068811,0.8134,0.00143663
03.47916663,AA,MG,2705497344.0000,-4322824704.0000,0.19656434,0.3718,0.00512683
03.47916663,LM,MG,550519744.0000,-1127422208.0000,0.17856632,-19.4588,0.01799831
03.48194432,AA,LM,2155114240.0000,-3195065344.0000,0.03560524,-0.9762,0.00141087
03.48194432,AA,MG,2706246400.0000,-4322401280.0000,0.18673774,-0.2164,0.00513256
03.48194432,LM,MG,551132032.0000,-1127336064.0000,0.18960062,-26.8865,0.01798182
03.48472238,AA,LM,2155249664.0000,-3194728192.0000,0.03112807,1.7372,0.00141537
03.48472238,LM,MG,551744000.0000,-1127249792.0000,0.19217335,-41.7711,0.01799016
03.48750007,AA,LM,2155386880.0000,-3194384128.0000,0.03880029,1.2054,0.00144480
03.48750007,AA,MG,2707739648.0000,-4321553920.0000,0.19173145,0.8025,0.00514284
03.49305546,AA,LM,2155649280.0000,-3193716480.0000,0.03602490,1.4861,0.00142181
03.49305546,AA,MG,2709227520.0000,-4320706560.0000,0.19125909,0.1773,0.00514615
03.49305546,LM,MG,553584256.0000,-1126989440.0000,0.18968848,-19.0201,0.01831287
03.49583316,AA,LM,2155780096.0000,-3193379072.0000,0.03512682,-0.2387,0.00141592
03.49583316,LM,MG,554188992.0000,-1126903680.0000,0.20036464,-25.8391,0.01787577
03.49861121,AA,LM,2155909888.0000,-3193041664.0000,0.03696887,1.1087,0.00141459
03.49861121,LM,MG,554788288.0000,-1126818432.0000,0.19836890,-18.7268,0.01823007
03.50138891,AA,MG,2711448064.0000,-4319434240.0000,0.19254000,-0.3680,0.00511096
03.50138891,LM,MG,555409728.0000,-1126729984.0000,0.21233998,-16.3251,0.01784731
03.50416660,AA,LM,2156165888.0000,-3192366848.0000,0.04020563,0.2578,0.00141117
03.50416660,AA,MG,2712185344.0000,-4319009792.0000,0.19445182,-0.1373,0.00509919
03.50694430,AA,LM,2156292096.0000,-3192029440.0000,0.03307624,1.6668,0.00140668
03.50694430,AA,MG,2712921344.0000,-4318585344.0000,0.19114251,0.1729,0.00508766
03.50694430,LM,MG,556629248.0000,-1126556032.0000,0.17104868,-17.0506,0.01778956
03.50972235,AA,LM,2156417280.0000,-3191692032.0000,0.02800352,-0.0815,0.00141081
03.50972235,AA,MG,2713655808.0000,-4318160896.0000,0.19262360,-0.2377,0.00508181
03.50972235,LM,MG,557238592.0000,-1126468864.0000,0.16762012,-22.4116,0.01783483
03.51250005,AA,LM,2156541184.0000,-3191354624.0000,0.02814509,0.6267,0.00140766
03.51250005,AA,MG,2714388736.0000,-4317735936.0000,0.19152480,-0.1442,0.00508419
03.51250005,LM,MG,557847616.0000,-1126381568.0000,0.17728722,-14.9462,0.01776689
03.51527774,AA,MG,2715123968.0000,-4317309440.0000,0.19177588,0.6074,0.00519137
03.51527774,AA,LM,2156664064.0000,-3191017216.0000,0.02693633,0.2216,0.00141118
03.51527774,LM,MG,558456384.0000,-1126294272.0000,0.18493123,-23.5353,0.01778350
03.51805544,AA,LM,2156783872.0000,-3190685440.0000,0.02690663,1.0173,0.00143971
03.51805544,AA,MG,2715850496.0000,-4316886528.0000,0.19597180,-0.1181,0.00508858
03.51805544,LM,MG,559064832.0000,-1126206848.0000,0.17237227,-18.5848,0.01774934
03.52083349,AA,MG,2716579328.0000,-4316461568.0000,0.19551387,-1.0467,0.00509092
03.52083349,LM,MG,559673024.0000,-1126119296.0000,0.19491000,-26.2314,0.01775287
03.52361119,AA,LM,2157025792.0000,-3190004736.0000,0.02890102,-1.7235,0.00141196
03.52361119,LM,MG,560280832.0000,-1126031616.0000,0.20401655,-26.8749,0.01770755
03.52638888,AA,LM,2157144064.0000,-3189667328.0000,0.03083479,0.4728,0.00141470
03.52638888,AA,MG,2718032384.0000,-4315611136.0000,0.19386065,-0.6323,0.00510072
03.52638888,LM,MG,560888384.0000,-1125943936.0000,0.20115842,-24.3905,0.01770454
03.52916658,AA,LM,2157261056.0000,-3189329664.0000,0.02933289,1.4695,0.00142052
03.52916658,AA,MG,2718756608.0000,-4315185664.0000,0.19515149,-0.3359,0.00511523
03.52916658,LM,MG,561495680.0000,-1125856128.0000,0.20193656,-23.5242,0.01772021
03.53194427,AA,LM,2157377024.0000,-3188992000.0000,0.02708994,0.6023,0.00142367
03.53194427,LM,MG,562102592.0000,-1125768192.0000,0.15360374,-30.0119,0.01770289
03.53472233,AA,LM,2157491712.0000,-3188654592.0000,0.02896745,0.9791,0.00142763
03.53472233,AA,MG,2720200960.0000,-4314334720.0000,0.19436127,-0.6542,0.00514443
03.53472233,LM,MG,562709248.0000,-1125680256.0000,0.16346116,-18.6801,0.01769447
03.53750002,AA,MG,2720931840.0000,-4313902592.0000,0.19580299,-0.1397,0.00526559
03.53750002,AA,LM,2157605376.0000,-3188316928.0000,0.02770560,0.7018,0.00143159
03.53750002,LM,MG,563315584.0000,-1125592192.0000,0.18254618,-21.1167,0.01768708
03.54027772,AA,LM,2157718016.0000,-3187979264.0000,0.02790168,0.9303,0.00143558
03.54027772,LM,MG,563921664.0000,-1125504000.0000,0.17815391,-20.4815,0.01767828
03.54305542,AA,MG,2722356736.0000,-4313057280.0000,0.19647662,-0.5965,0.00518971
03.54583347,AA,LM,2157939712.0000,-3187303936.0000,0.03029078,-0.2025,0.00144588
03.54583347,AA,MG,2723072512.0000,-4312631296.0000,0.19742377,-0.1059,0.00520821
03.54583347,LM,MG,565132864.0000,-1125327232.0000,0.16927225,-18.8366,0.01767452
03.54861116,AA,LM,2158048768.0000,-3186966272.0000,0.03530944,1.3111,0.00144973
03.54861116,LM,MG,565738048.0000,-1125238784.0000,0.19407286,-20.4954,0.01765241
03.55138886,AA,MG,2724491008.0000,-4311783424.0000,0.19644046,-1.1173,0.00535345
03.55138886,AA,LM,2158156544.0000,-3186628608.0000,0.03710769,0.6344,0.00145734
03.55138886,LM,MG,566342912.0000,-1125150208.0000,0.21830840,-26.8515,0.01767475
03.55416656,AA,LM,2158263296.0000,-3186290944.0000,0.03702463,1.2328,0.00146675
03.55416656,AA,MG,2725210624.0000,-4311352320.0000,0.19676968,-0.8505,0.00526400
03.55416656,LM,MG,566947456.0000,-1125061504.0000,0.22196264,-22.1600,0.01771948
03.55694461,AA,LM,2158369280.0000,-3185952000.0000,0.03841693,0.8172,0.00149496
03.55694461,AA,MG,2725920512.0000,-4310925824.0000,0.19377001,0.0398,0.00528273
03.55694461,LM,MG,567561728.0000,-1124971264.0000,0.21894887,-7.0795,0.01798938
03.55972230,AA,LM,2158473472.0000,-3185615360.0000,0.03718033,0.5583,0.00146844
03.55972230,LM,MG,568155648.0000,-1124883968.0000,0.22967656,-25.5248,0.01763322
03.56250000,AA,MG,2727335936.0000,-4310072320.0000,0.19719442,-0.3657,0.00528660
03.56250000,LM,MG,568759296.0000,-1124795008.0000,0.22995354,-33.8476,0.01761977
03.56527770,AA,LM,2158679040.0000,-3184939776.0000,0.03782154,0.8784,0.00146543
03.56527770,LM,MG,569362624.0000,-1124705920.0000,0.22200675,-20.1405,0.01762294
03.61805570,LM,MG,580768256.0000,-1122996224.0000,0.23334884,-24.0360,0.01753079
03.62083340,AA,LM,2160481536.0000,-3178181376.0000,0.03927959,-0.1372,0.00143223
03.62083340,AA,MG,2741847040.0000,-4301086208.0000,0.18979327,0.1669,0.00516429
03.62083340,LM,MG,581356480.0000,-1122906624.0000,0.22761733,-23.0311,0.01784345
03.62361109,AA,LM,2160559616.0000,-3177843200.0000,0.03945499,-0.1410,0.00143110
03.62361109,AA,MG,2742521856.0000,-4300657152.0000,0.17870898,0.9211,0.00515926
03.62361109,LM,MG,581962368.0000,-1122814208.0000,0.20707813,-24.2677,0.01747970
03.62638879,AA,LM,2160636672.0000,-3177504512.0000,0.03938386,-0.5991,0.00146769
03.62638879,AA,MG,2743195648.0000,-4300228096.0000,0.18589147,-0.7397,0.00518051
03.62638879,LM,MG,582558976.0000,-1122723200.0000,0.22890455,-23.1864,0.01748430
03.62916684,AA,LM,2160712448.0000,-3177167104.0000,0.03813653,0.3289,0.00145560
03.62916684,AA,MG,2743867648.0000,-4299799040.0000,0.18104427,0.7531,0.00524484
03.62916684,LM,MG,583155264.0000,-1122631936.0000,0.18459272,-7.7367,0.01747329
03.63194454,AA,LM,2160786944.0000,-3176828928.0000,0.03861914,-1.0664,0.00147399
03.63194454,AA,MG,2744538112.0000,-4299369472.0000,0.17750481,-0.5693,0.00530903
03.63194454,LM,MG,583751296.0000,-1122540672.0000,0.20758267,-18.6722,0.01747329
03.63472223,AA,LM,2160860416.0000,-3176490752.0000,0.03891116,2.4742,0.00149156
03.63472223,LM,MG,584346944.0000,-1122449280.0000,0.23515502,-26.9980,0.01746356
03.63749993,AA,MG,2745861632.0000,-4298519040.0000,0.17885753,0.7826,0.00554812
03.63749993,AA,LM,2160932864.0000,-3176152576.0000,0.04088923,0.1523,0.00150923
03.63749993,LM,MG,584942336.0000,-1122357760.0000,0.23105245,-17.1344,0.01745650
03.64027762,AA,LM,2161004032.0000,-3175814400.0000,0.03977411,-0.2983,0.00152630
03.64027762,AA,MG,2746541312.0000,-4298080768.0000,0.18466422,0.0003,0.00550090
03.64027762,LM,MG,585537408.0000,-1122266240.0000,0.23384440,-21.0372,0.01744256
03.64305568,AA,LM,2161073920.0000,-3175476480.0000,0.03762131,-0.4532,0.00152951
03.64305568,AA,MG,2747206144.0000,-4297650688.0000,0.19081010,-1.2053,0.00551096
03.64305568,LM,MG,586132096.0000,-1122174592.0000,0.21361573,-24.5390,0.01744059
03.64583337,AA,LM,2161143296.0000,-3175136512.0000,0.02413317,1.9885,0.00154332
03.64583337,AA,MG,2747869440.0000,-4297220608.0000,0.19177823,1.5184,0.00544725
03.64583337,LM,MG,586726592.0000,-1122082816.0000,0.17962919,-19.5392,0.01743854
03.64861107,AA,LM,2161210624.0000,-3174800128.0000,0.02557320,-0.0169,0.00149423
03.64861107,AA,MG,2748531200.0000,-4296791040.0000,0.18551685,0.4646,0.00538384
03.64861107,LM,MG,587320704.0000,-1121990912.0000,0.16494143,-28.2032,0.01742734
03.65138876,AA,LM,2161277184.0000,-3174461952.0000,0.02618479,-0.4177,0.00147645
03.65138876,AA,MG,2749191680.0000,-4296360448.0000,0.18969179,-0.1825,0.00531999
03.65138876,LM,MG,587914496.0000,-1121899008.0000,0.13034313,-29.4789,0.01742003
03.65416682,AA,LM,2161342720.0000,-3174123776.0000,0.02829351,-1.4458,0.00145863
03.65416682,AA,MG,2749850624.0000,-4295930368.0000,0.18520205,0.1280,0.00525656
03.65416682,LM,MG,588507968.0000,-1121806976.0000,0.15061829,-23.4259,0.01741082
03.65694451,AA,LM,2161406976.0000,-3173785344.0000,0.02545341,-0.2018,0.00144159
03.65694451,AA,MG,2750508032.0000,-4295500288.0000,0.19532462,-0.5110,0.00519246
03.65694451,LM,MG,589101184.0000,-1121714816.0000,0.17757985,-8.7124,0.01741330
03.65972221,AA,LM,2161469952.0000,-3173447168.0000,0.02225524,0.9062,0.00142992
03.65972221,AA,MG,2751163904.0000,-4295069696.0000,0.17555031,0.5183,0.00515232
03.65972221,LM,MG,589694016.0000,-1121622528.0000,0.12986881,-1.9706,0.01740304
03.66249990,AA,LM,2161531904.0000,-3173108992.0000,0.02675923,1.0011,0.00142668
03.66249990,AA,MG,2751818496.0000,-4294639104.0000,0.17719419,0.6340,0.00514258
03.66249990,LM,MG,590286592.0000,-1121530240.0000,0.12964543,-23.5242,0.01739646
03.66527760,AA,LM,2161591552.0000,-3172777472.0000,0.02939543,-2.1940,0.00145360
03.66527760,AA,MG,2752471552.0000,-4294208512.0000,0.18235955,-0.4867,0.00513259
03.66527760,LM,MG,590878848.0000,-1121437824.0000,0.17263725,-18.0272,0.01739938
03.66805565,AA,MG,2753124352.0000,-4293776896.0000,0.18400225,-0.3660,0.00522843
03.66805565,LM,MG,591470784.0000,-1121345280.0000,0.15626396,-29.7762,0.01741888
03.67083335,AA,MG,2753765888.0000,-4293351936.0000,0.18774652,0.8565,0.00521844
03.67083335,LM,MG,592056448.0000,-1121253632.0000,0.17140692,-29.0065,0.01776983
03.67361104,AA,LM,2161768448.0000,-3171756032.0000,0.02864776,1.2812,0.00141760
03.67361104,AA,MG,2754422016.0000,-4292915968.0000,0.19199236,-0.5382,0.00510296
03.67638874,AA,LM,2161824768.0000,-3171417856.0000,0.02962020,1.4529,0.00142186
03.67638874,AA,MG,2755069184.0000,-4292484864.0000,0.18112626,-0.0647,0.00511638
03.67638874,LM,MG,593244672.0000,-1121067264.0000,0.15300763,-31.2201,0.01742627
03.67916679,AA,LM,2161879808.0000,-3171079424.0000,0.02871080,0.0937,0.00143367
03.67916679,AA,MG,2755715072.0000,-4292053760.0000,0.18635035,0.3869,0.00516042
03.67916679,LM,MG,593835328.0000,-1120974336.0000,0.18539286,-27.1899,0.01742131
03.68194449,AA,LM,2161933824.0000,-3170741248.0000,0.01956450,0.1651,0.00144538
03.68194449,LM,MG,594427648.0000,-1120881152.0000,0.13503096,-37.5964,0.01777136
03.68472219,LM,MG,595015744.0000,-1120788352.0000,0.12393089,-6.5553,0.01739564
03.68749988,AA,LM,2162038272.0000,-3170064640.0000,0.01964940,1.3631,0.00147026
03.68749988,AA,MG,2757643520.0000,-4290759680.0000,0.17958353,0.2298,0.00529350
03.68749988,LM,MG,595605440.0000,-1120695168.0000,0.12389653,-17.1099,0.01741673
03.69027793,AA,LM,2162088704.0000,-3169726208.0000,0.02441366,-1.4941,0.00148159
03.69027793,AA,MG,2758283520.0000,-4290328064.0000,0.18349189,0.3033,0.00533754
03.69027793,LM,MG,596194816.0000,-1120601984.0000,0.15801657,-15.7394,0.01740612
03.69305563,AA,LM,2162137856.0000,-3169388032.0000,0.02785072,-0.7960,0.00148879
03.69305563,AA,MG,2758921728.0000,-4289896448.0000,0.17988294,-0.3879,0.00536343
03.69305563,LM,MG,596783936.0000,-1120508672.0000,0.13933514,-24.3128,0.01740625
03.69583333,AA,LM,2162186240.0000,-3169049600.0000,0.02068530,0.0227,0.00148875
03.69583333,AA,MG,2759558912.0000,-4289464576.0000,0.18864878,0.2697,0.00536299
03.69861102,AA,LM,2162233088.0000,-3168711168.0000,0.02149539,-0.7876,0.00148761
03.69861102,LM,MG,597961152.0000,-1120321664.0000,0.16780776,-11.7425,0.01739607
