#SRC:M87,DATE(MJD):58230,FREQ:213.1GHz
#time(UTC),T1,T2,U(lambda),V(lambda),Iamp(Jy),Iphase(d),Isigma(Jy)
00.18194444,AA,AX,737327.5000,-1583946.3750,1.12187007,1.9880,0.01262929
00.18472223,AA,AX,737157.0000,-1583861.0000,1.12140322,0.5343,0.00606236
00.18750000,AA,AX,736927.0000,-1583746.1250,1.12143761,0.3087,0.00625511
00.19027779,AA,AX,736689.6250,-1583627.6250,1.12137924,0.0245,0.00617442
00.19305555,AA,AX,736455.3750,-1583511.1250,1.12112534,0.2720,0.00635088
00.19583333,AA,AX,736220.7500,-1583394.5000,1.12031230,0.5324,0.00690832
00.19861112,AA,AX,735985.6250,-1583278.0000,1.12070505,-1.2550,0.00672795
00.20138888,AA,AX,735750.1875,-1583161.5000,1.12129132,-0.2775,0.00642307
00.20416667,AA,AX,735514.2500,-1583045.0000,1.12129892,0.4406,0.00662567
00.20972221,AA,AX,735050.8125,-1582816.8750,1.11998955,-0.2687,0.00893998
00.21250000,AA,AX,734714.0000,-1582651.7500,1.12078761,-0.3126,0.01670575
00.21527778,AA,AX,734566.7500,-1582579.6250,1.11931794,-0.6923,0.00973741
00.21805555,AA,AX,734328.8125,-1582463.3750,1.11961477,0.0811,0.00990286
00.22361112,AA,AX,733788.7500,-1582200.5000,1.12119286,0.8124,0.01281320
00.22638888,AA,AX,733612.7500,-1582115.0000,1.12008327,-0.4466,0.00891216
00.22916666,AA,AX,733364.2500,-1581994.6250,1.12131210,-0.8641,0.01076746
00.23472221,AA,AX,732888.1875,-1581764.6250,1.11916640,0.4183,0.00904659
00.23750000,AA,AX,732652.3125,-1581651.0000,1.11803928,-0.2265,0.00967334
00.24027778,AA,AX,732443.3750,-1581550.6250,1.11843133,-0.1058,0.01025337
00.24305554,AA,AX,732087.5000,-1581379.8750,1.12013940,-0.3326,0.01260884
00.24583333,AA,AX,731927.8125,-1581303.5000,1.11928069,0.9560,0.00760792
00.24861111,AA,AX,731688.1250,-1581189.0000,1.12014883,0.3770,0.00737573
00.25138888,AA,AX,731559.3750,-1581127.5000,1.12120915,0.5752,0.03146937
00.47083332,AA,AX,710942.1875,-1572039.5000,1.12116621,-0.0361,0.00864506
00.47361110,AA,AX,710768.8750,-1571968.6250,1.12124026,0.6450,0.00739786
00.47638889,AA,AX,710466.3125,-1571845.1250,1.12120549,-0.1966,0.00635492
00.48194446,AA,AX,709926.1875,-1571625.2500,1.12119801,-0.0499,0.00622952
00.48472224,AA,AX,709632.1250,-1571505.8750,1.12131613,0.3914,0.00597141
00.48749998,AA,AX,709373.8750,-1571401.2500,1.12126381,-0.8888,0.00612150
00.49027777,AA,AX,709109.1875,-1571294.2500,1.12157024,-0.3774,0.00661930
00.49583334,AA,AX,708526.3750,-1571059.1250,1.12157268,-0.4678,0.00565672
00.49861112,AA,AX,708253.3750,-1570949.2500,1.12160790,-0.6212,0.00623415
00.50138891,AA,AX,707960.1875,-1570831.5000,1.12144608,0.8311,0.00638100
00.50416665,AA,AX,707688.0000,-1570722.5000,1.12153722,0.0077,0.00595197
00.50694443,AA,AX,707415.2500,-1570613.3750,1.12119475,-0.9417,0.00647043
00.51527779,AA,AX,706591.3125,-1570284.8750,1.12135410,0.0987,0.00576047
00.52083331,AA,AX,706023.0000,-1570059.3750,1.12149841,-0.8684,0.00553479
00.52361110,AA,AX,705747.8125,-1569950.3750,1.12131334,1.3310,0.00733806
00.52638888,AA,AX,705458.9375,-1569836.2500,1.12147568,0.4134,0.00562453
00.52916667,AA,AX,705185.1875,-1569728.2500,1.12141040,-0.0760,0.00556100
00.53194445,AA,AX,704896.1875,-1569614.5000,1.12142992,0.8650,0.00578499
00.53472224,AA,AX,704608.9375,-1569501.6250,1.12154098,-0.7799,0.00570802
00.53749998,AA,AX,704359.2500,-1569403.6250,1.12154226,-1.7844,0.00653657
00.54027776,AA,AX,704017.1875,-1569269.7500,1.12149453,0.7321,0.00656611
00.54583333,AA,AX,703476.3750,-1569058.5000,1.12160905,0.3994,0.00561668
00.54861112,AA,AX,703192.5000,-1568947.8750,1.12171322,-1.4049,0.00692786
00.55694443,AA,AX,702318.0000,-1568608.5000,1.12176013,-1.3887,0.00763336
00.55972221,AA,AX,702052.4375,-1568505.8750,1.12157903,0.1808,0.00575753
00.56250000,AA,AX,701769.8125,-1568396.6250,1.12142759,-0.9088,0.00584176
00.56527779,AA,AX,701479.7500,-1568284.8750,1.12155669,-0.2911,0.00641630
00.56805557,AA,AX,701202.8750,-1568178.3750,1.12180482,-0.2952,0.00577626
00.57083336,AA,AX,700908.8125,-1568065.3750,1.12152833,0.5398,0.00568360
00.57361110,AA,AX,700618.3125,-1567954.0000,1.12148475,0.1179,0.00584752
00.57638888,AA,AX,700327.7500,-1567842.8750,1.12158307,-0.1534,0.00572594
00.57916667,AA,AX,700047.2500,-1567735.7500,1.12136625,0.1396,0.00554814
00.63472223,AA,AX,694181.9375,-1565535.6250,1.12124328,-0.5898,0.00557319
00.63750002,AA,AX,693893.8750,-1565429.5000,1.12124376,1.3957,0.00648996
00.64027776,AA,AX,693585.0000,-1565316.0000,1.12124565,-0.7794,0.00579979
00.64305554,AA,AX,693304.8750,-1565213.1250,1.12138437,-0.1730,0.00575603
00.64583333,AA,AX,692959.5000,-1565086.6250,1.12165589,-0.1436,0.00666631
00.64861111,AA,AX,692697.8750,-1564990.8750,1.12159092,0.1641,0.00545906
00.65138890,AA,AX,692411.6875,-1564886.3750,1.12176485,0.2936,0.00547667
00.65416668,AA,AX,692121.0625,-1564780.3750,1.12143567,-0.3259,0.00591370
00.65694442,AA,AX,691814.0000,-1564668.6250,1.12155834,-1.2011,0.00565283
00.65972221,AA,AX,691504.5000,-1564556.2500,1.12150344,-0.0227,0.00544297
00.66249999,AA,AX,691202.4375,-1564446.6250,1.12180517,-0.1443,0.00546104
00.66527778,AA,AX,690894.1875,-1564335.0000,1.12191131,1.5114,0.00573269
00.66805556,AA,AX,690605.3750,-1564230.6250,1.12206163,-1.0628,0.00561963
00.67083335,AA,AX,690305.7500,-1564122.5000,1.12203838,0.8824,0.00610223
00.67361109,AA,AX,690000.5625,-1564012.6250,1.12175209,0.0203,0.00562728
00.67638887,AA,AX,689703.5000,-1563905.7500,1.12192786,1.1159,0.00626593
00.67916666,AA,AX,689400.4375,-1563797.0000,1.12200731,-0.4189,0.00567009
00.68194444,AA,AX,689110.8750,-1563693.1250,1.12201050,0.2183,0.00661750
00.68472223,AA,AX,688782.6875,-1563575.7500,1.12200967,-0.0479,0.00593081
00.68750001,AA,AX,688487.3750,-1563470.2500,1.12223724,1.1876,0.00664828
00.69027780,AA,AX,688175.3125,-1563359.0000,1.12168470,-0.8283,0.00587439
00.69305554,AA,AX,687905.6250,-1563263.0000,1.12147914,-0.3763,0.00624440
00.69861111,AA,AX,687334.1250,-1563060.0000,1.12123535,0.0741,0.00824452
00.70138890,AA,AX,686885.4375,-1562901.0000,1.12121995,0.8151,0.00820553
00.70416668,AA,AX,686681.2500,-1562828.8750,1.12112587,1.0851,0.00640067
00.70694447,AA,AX,686353.2500,-1562713.1250,1.12146078,0.8172,0.00560657
00.70972221,AA,AX,686049.8750,-1562606.1250,1.12131671,0.4163,0.00571951
00.71249999,AA,AX,685741.1250,-1562497.5000,1.12150793,0.6967,0.00557866
00.71527778,AA,AX,685432.5000,-1562389.1250,1.12151081,0.8930,0.00554718
00.71805556,AA,AX,685112.0625,-1562276.7500,1.12163752,-0.5588,0.00579257
00.72083335,AA,AX,684816.1250,-1562173.2500,1.12126906,-0.3705,0.00554165
00.72361113,AA,AX,684515.0625,-1562068.0000,1.12166476,-0.0835,0.00554743
00.72638887,AA,AX,684215.6875,-1561963.5000,1.12133554,0.7927,0.00599995
00.72916666,AA,AX,683894.1250,-1561851.5000,1.12112989,-0.0881,0.00578840
00.73194444,AA,AX,683573.9375,-1561740.2500,1.12125736,-0.7919,0.00565737
00.73472223,AA,AX,683421.5625,-1561687.2500,1.12109965,0.1335,0.02746907
00.88749996,AA,AX,665576.8125,-1555771.7500,1.12147784,0.7302,0.00827716
00.89027774,AA,AX,665356.2500,-1555701.8750,1.12160401,-0.0850,0.00589330
00.89583331,AA,AX,664667.8750,-1555484.3750,1.12155297,-0.6980,0.00588914
00.89861110,AA,AX,664358.2500,-1555386.7500,1.12120525,0.3283,0.00549770
00.90138888,AA,AX,664021.7500,-1555280.8750,1.12129026,0.0182,0.00532584
00.90416667,AA,AX,663693.1875,-1555177.6250,1.12102384,0.3441,0.00557574
00.90694445,AA,AX,663357.6250,-1555072.3750,1.12119751,0.1680,0.00539965
00.90972224,AA,AX,663026.0625,-1554968.5000,1.12097684,0.3984,0.00562329
00.91250002,AA,AX,662692.0000,-1554864.0000,1.12122258,-0.1143,0.00540778
00.91527781,AA,AX,662368.3750,-1554763.0000,1.12113678,0.1691,0.00585209
00.91805559,AA,AX,662048.5625,-1554663.2500,1.12113712,-0.6599,0.00673131
00.92638886,AA,AX,661002.3750,-1554338.1250,1.12099467,0.7094,0.00624079
00.92916664,AA,AX,660686.7500,-1554240.3750,1.12108997,-0.7170,0.00581133
00.94305557,AA,AX,659024.5000,-1553727.8750,1.12065277,0.4333,0.00679616
00.94583336,AA,AX,658594.3750,-1553596.0000,1.12116740,-1.2704,0.01034954
00.94861114,AA,AX,658331.0625,-1553515.3750,1.12067899,0.6077,0.00613189
00.95138893,AA,AX,657914.1875,-1553387.8750,1.12131842,0.7132,0.00823553
00.95416671,AA,AX,657726.3750,-1553330.5000,1.12094743,0.2124,0.00786805
00.95694441,AA,AX,657248.3750,-1553184.7500,1.12093166,0.4408,0.00746846
00.95972219,AA,AX,656977.1250,-1553102.2500,1.12088191,-0.3632,0.00575032
00.96249998,AA,AX,656634.3750,-1552998.0000,1.12125821,-0.5147,0.00566838
00.96527776,AA,AX,656304.2500,-1552897.8750,1.12071148,-0.1354,0.00592478
00.97083333,AA,AX,655625.6875,-1552692.3750,1.12161796,-0.9682,0.00589729
00.97361112,AA,AX,655274.5000,-1552586.3750,1.12157595,0.1732,0.00539659
00.97638890,AA,AX,654935.6250,-1552484.1250,1.12159623,-0.0991,0.00534144
00.97916669,AA,AX,654594.1875,-1552381.3750,1.12101045,-0.0804,0.00550796
00.98194447,AA,AX,654252.3125,-1552278.6250,1.12097579,0.6454,0.00557443
01.03472221,AA,AX,647622.3125,-1550317.0000,1.12132071,1.4364,0.00849808
01.03749999,AA,AX,647341.8125,-1550235.2500,1.12152016,0.1562,0.00519827
01.04027778,AA,AX,646991.2500,-1550133.2500,1.12138978,-1.0065,0.00576669
01.04305556,AA,AX,646640.0000,-1550031.2500,1.12139282,-0.7942,0.00552778
01.04583335,AA,AX,646296.0625,-1549931.5000,1.12140456,0.5656,0.00541293
01.04861113,AA,AX,645936.5625,-1549827.3750,1.12170495,0.0079,0.00556739
01.05138892,AA,AX,645575.7500,-1549723.1250,1.12156191,0.8979,0.00570383
01.05972219,AA,AX,644570.3125,-1549433.3750,1.12127830,-0.3565,0.00643361
01.06249997,AA,AX,644173.6875,-1549319.3750,1.12156058,0.1753,0.00576872
01.06527776,AA,AX,643838.4375,-1549223.2500,1.12149978,-0.0042,0.00564006
01.06805554,AA,AX,643481.5000,-1549121.0000,1.12145043,-0.0379,0.00538542
01.07083333,AA,AX,643147.8125,-1549025.5000,1.12133437,-1.1254,0.00619411
01.07361111,AA,AX,642752.7500,-1548912.7500,1.12161867,1.5605,0.00597946
01.07638890,AA,AX,642416.3750,-1548816.8750,1.12146456,0.0422,0.00637838
01.07916668,AA,AX,642084.3125,-1548722.3750,1.12133808,-0.1619,0.00590161
01.08194447,AA,AX,641704.8125,-1548614.5000,1.12134957,-0.6547,0.00571191
01.08472225,AA,AX,641366.1875,-1548518.3750,1.12129308,0.0091,0.00544374
01.09027782,AA,AX,640650.6250,-1548315.7500,1.12110436,1.3180,0.00535005
01.09305552,AA,AX,640299.2500,-1548216.5000,1.12128346,-0.2355,0.00543076
01.09861109,AA,AX,639579.2500,-1548013.6250,1.12139179,0.6151,0.00517688
01.10138887,AA,AX,639222.4375,-1547913.2500,1.12117398,0.2349,0.00529100
01.10694444,AA,AX,638507.0000,-1547712.6250,1.12131414,-1.1010,0.00602650
01.10972223,AA,AX,638163.4375,-1547616.3750,1.12121411,0.1745,0.00645947
01.11250001,AA,AX,637785.1875,-1547510.7500,1.12122531,-0.6443,0.00539291
01.11527780,AA,AX,637438.0000,-1547413.8750,1.12103135,0.4542,0.00579917
01.11805558,AA,AX,637076.1250,-1547313.0000,1.12100214,-0.5066,0.00676173
01.12361115,AA,AX,636350.1250,-1547111.2500,1.12122144,0.8591,0.00522892
01.12638885,AA,AX,635994.1250,-1547012.6250,1.12113015,-0.1819,0.00588565
01.12916663,AA,AX,635629.6250,-1546911.6250,1.12135839,0.0988,0.00561943
01.13194442,AA,AX,635267.6250,-1546811.5000,1.12116567,-0.4271,0.00520431
01.35138890,AA,AX,605709.0000,-1539121.7500,1.12144236,-1.0955,0.00608647
01.35138890,AA,MG,1739237120.0000,-4597478400.0000,0.19622387,-4.9314,0.00881326
01.35138890,AX,MG,1738549504.0000,-4595952640.0000,0.21000711,-3.5509,0.08596161
01.35416669,AA,AX,605271.9375,-1539014.7500,1.12158705,-0.6285,0.00658602
01.35416669,AA,MG,1740968448.0000,-4597201408.0000,0.19268675,7.1875,0.00728113
01.35416669,AX,MG,1740306816.0000,-4595671040.0000,0.18426254,9.1145,0.07653408
01.35694447,AA,AX,604963.9375,-1538939.3750,1.12158907,-0.5197,0.00540696
01.35694447,AA,MG,1742584320.0000,-4596942336.0000,0.18464777,6.5476,0.00589242
01.35972226,AA,AX,604570.0000,-1538843.1250,1.12130974,-0.7670,0.00546336
01.35972226,AA,MG,1744301312.0000,-4596666368.0000,0.19137318,1.0756,0.00647230
01.35972226,AX,MG,1743608192.0000,-4595142144.0000,0.17869559,12.3436,0.07818542
01.36250004,AA,AX,604158.8125,-1538742.8750,1.12150552,1.8154,0.00612132
01.36250004,AA,MG,1745939712.0000,-4596403200.0000,0.19151627,-3.7346,0.00676468
01.36250004,AX,MG,1745292160.0000,-4594871296.0000,0.19497497,-9.4420,0.07790082
01.36527774,AA,AX,603822.3750,-1538660.8750,1.12135791,-0.4799,0.00634132
01.37083331,AA,MG,1750959616.0000,-4595593728.0000,0.19984829,12.9544,0.00704552
01.37083331,AX,MG,1750354560.0000,-4594055680.0000,0.16204889,-18.5606,0.06986957
01.37361109,AA,AX,602621.3750,-1538369.2500,1.12144266,0.1344,0.00511527
01.37361109,AA,MG,1752650752.0000,-4595320320.0000,0.18445022,0.7589,0.00604304
01.37361109,AX,MG,1752042240.0000,-4593782784.0000,0.17325246,-1.8361,0.07607318
01.37638888,AA,AX,602228.2500,-1538274.0000,1.12134008,-0.0163,0.00509065
01.37638888,AA,MG,1754300544.0000,-4595053056.0000,0.20811750,-3.1685,0.00638418
01.37638888,AX,MG,1753765376.0000,-4593503744.0000,0.18996521,11.9206,0.07305594
01.37916666,AA,AX,601831.2500,-1538178.1250,1.12147318,-1.2520,0.00518759
01.37916666,AA,MG,1756033024.0000,-4594771968.0000,0.21092901,9.3412,0.00742193
01.37916666,AX,MG,1755416576.0000,-4593235968.0000,0.21529276,-17.3162,0.07650872
01.38194445,AA,AX,601449.8750,-1538086.0000,1.12136934,1.1421,0.00559489
01.38472223,AA,MG,1759384704.0000,-4594226688.0000,0.19866257,0.6000,0.00660259
01.38472223,AX,MG,1758825216.0000,-4592681984.0000,0.19419789,-5.2628,0.07511724
01.38750002,AA,AX,600667.6250,-1537897.6250,1.12119519,-0.8450,0.00527094
01.38750002,AA,MG,1761107968.0000,-4593946112.0000,0.21632786,6.9964,0.00769176
01.38750002,AX,MG,1760438272.0000,-4592419328.0000,0.20225704,-11.1663,0.07183399
01.39027780,AA,AX,600281.8750,-1537804.8750,1.12137404,0.8599,0.00518307
01.39027780,AA,MG,1762704384.0000,-4593684992.0000,0.22395833,-1.1829,0.00803259
01.39027780,AX,MG,1762161024.0000,-4592138240.0000,0.21503655,41.9127,0.06310825
01.39305559,AA,AX,599878.6875,-1537708.1250,1.12137433,0.9253,0.00543378
01.39305559,AA,MG,1764285952.0000,-4593426944.0000,0.19639944,7.1536,0.00733518
01.39305559,AX,MG,1763856000.0000,-4591861248.0000,0.20560240,21.2712,0.07298155
01.39583337,AA,AX,599481.8750,-1537613.0000,1.12133444,0.3928,0.00555801
01.39861107,AA,MG,1767732224.0000,-4592862208.0000,0.19783784,-1.4859,0.00677129
01.40138885,AA,AX,598715.8750,-1537430.0000,1.12146782,0.9685,0.00540349
01.40138885,AX,MG,1768791296.0000,-4591052288.0000,0.17139564,-4.8050,0.08890090
01.40416664,AX,MG,1770435072.0000,-4590782464.0000,0.23602133,21.1189,0.06732306
01.40694442,AA,AX,597907.5000,-1537237.2500,1.12133760,-0.1620,0.00553436
01.40972221,AA,AX,597545.9375,-1537151.2500,1.12112749,-0.4720,0.00608081
01.40972221,AA,MG,1774475776.0000,-4591752192.0000,0.21219305,-1.3318,0.00767066
01.40972221,AX,MG,1773690368.0000,-4590245888.0000,0.17250382,-31.6737,0.07013235
01.41249999,AA,MG,1776254592.0000,-4591458304.0000,0.21020525,7.3559,0.00799072
01.41249999,AX,MG,1775433728.0000,-4589958144.0000,0.21704922,7.9647,0.07286342
01.41527778,AA,MG,1777590912.0000,-4591237120.0000,0.18737648,-2.5571,0.00692148
01.41527778,AX,MG,1777159936.0000,-4589672960.0000,0.14509555,5.1261,0.07689235
01.41805556,AA,AX,596370.0000,-1536872.3750,1.12111642,1.4283,0.00588322
01.41805556,AA,MG,1779418624.0000,-4590934528.0000,0.18784871,-5.1435,0.00611705
01.41805556,AX,MG,1778805632.0000,-4589400064.0000,0.16819820,-3.2867,0.08476232
01.42083335,AA,AX,595945.0000,-1536771.8750,1.12145576,1.0336,0.00581339
01.42083335,AA,MG,1781060224.0000,-4590661632.0000,0.21500941,6.7299,0.00745516
01.42083335,AX,MG,1780524544.0000,-4589115392.0000,0.22530487,20.7474,0.07408571
01.42361113,AA,AX,595536.0625,-1536675.3750,1.12135056,-0.4279,0.00543580
01.42361113,AA,MG,1782773120.0000,-4590376960.0000,0.18537889,3.1655,0.00597334
01.42361113,AX,MG,1782146304.0000,-4588845568.0000,0.18403595,1.8318,0.08432015
01.42638892,AA,AX,595157.7500,-1536586.2500,1.12082474,1.1435,0.00569726
01.42638892,AA,MG,1784382080.0000,-4590109184.0000,0.20090366,6.0206,0.00715652
01.42638892,AX,MG,1783848448.0000,-4588562432.0000,0.22020190,14.5395,0.07157271
01.42916670,AA,AX,594780.7500,-1536497.5000,1.12137032,-0.3171,0.00577758
01.42916670,AA,MG,1786086528.0000,-4589825024.0000,0.20294494,0.8316,0.00658021
01.42916670,AX,MG,1785498624.0000,-4588287488.0000,0.20548954,19.4158,0.07202915
01.43194440,AA,AX,594410.8750,-1536410.5000,1.12080577,-1.3097,0.01109210
01.43194440,AA,MG,1787709184.0000,-4589554176.0000,0.19491497,-2.0930,0.00645487
01.43194440,AX,MG,1787148160.0000,-4588012544.0000,0.20224789,-29.0743,0.08095360
01.43472219,AA,AX,593967.4375,-1536306.5000,1.12111184,-0.4403,0.00561924
01.43472219,AA,MG,1789321344.0000,-4589284864.0000,0.21418626,-1.4739,0.00887727
01.43472219,AX,MG,1788781056.0000,-4587739648.0000,0.16616078,9.2592,0.06106548
01.43749997,AA,AX,593565.0000,-1536212.2500,1.12086729,1.3076,0.00548204
01.43749997,AA,MG,1791077376.0000,-4588990464.0000,0.20707746,-1.4759,0.00713566
01.43749997,AX,MG,1790457984.0000,-4587459072.0000,0.17672198,-11.8973,0.06873064
01.44027776,AA,AX,593169.8125,-1536119.6250,1.12120483,0.0516,0.00531075
01.44027776,AA,MG,1792800768.0000,-4588701696.0000,0.19124238,0.1292,0.00668923
01.44027776,AX,MG,1792086656.0000,-4587185664.0000,0.12946201,20.2971,0.07994838
01.44305554,AA,AX,592772.8750,-1536027.0000,1.12115681,0.1849,0.00534863
01.44305554,AX,MG,1793829760.0000,-4586893312.0000,0.11298864,-22.5158,0.08435909
01.44583333,AA,AX,592377.0625,-1535934.6250,1.12106729,0.1295,0.00516195
01.44583333,AA,MG,1796118656.0000,-4588143616.0000,0.20892524,-13.0999,0.00872934
01.44583333,AX,MG,1795390592.0000,-4586630656.0000,0.10613887,-63.3095,0.06740406
01.44861111,AA,AX,591970.8750,-1535840.0000,1.12091521,0.1190,0.00532841
01.44861111,AA,MG,1797695488.0000,-4587877888.0000,0.17871590,0.1802,0.00622692
01.50138885,AA,MG,1828981120.0000,-4582527488.0000,0.20444823,-1.3847,0.00632214
01.50416672,AA,MG,1830563328.0000,-4582253056.0000,0.21678788,6.4192,0.00596976
01.50416672,AX,MG,1830428288.0000,-4580640768.0000,0.16236908,-8.6699,0.10736231
01.50694442,AA,AX,583545.6875,-1533909.1250,1.12112261,-0.0920,0.00621400
01.50694442,AX,MG,1831604992.0000,-4580436480.0000,0.15078655,24.9468,0.08955874
01.50972229,AA,AX,583128.9375,-1533815.2500,1.12124720,-0.7208,0.00528279
01.50972229,AA,MG,1833720448.0000,-4581703680.0000,0.19592769,-2.7154,0.00590152
01.50972229,AX,MG,1833260288.0000,-4580148224.0000,0.18890359,18.3159,0.08119759
01.51249999,AA,AX,582717.5625,-1533722.5000,1.12121962,-0.3772,0.00518525
01.51249999,AA,MG,1835462272.0000,-4581400064.0000,0.23090203,-1.5681,0.00657015
01.51249999,AX,MG,1834865408.0000,-4579868672.0000,0.23753607,-11.4223,0.06516123
01.51527786,AA,AX,582323.4375,-1533634.0000,1.12129138,0.2127,0.00544557
01.51527786,AA,MG,1837097984.0000,-4581114368.0000,0.22241438,4.6658,0.00661116
01.51527786,AX,MG,1836481792.0000,-4579586560.0000,0.22652066,-5.0834,0.07117882
01.51805556,AA,MG,1838698880.0000,-4580834304.0000,0.23073774,0.1449,0.00714918
01.51805556,AX,MG,1838215552.0000,-4579283456.0000,0.23755731,15.1113,0.07215282
01.52083325,AA,MG,1840352512.0000,-4580544512.0000,0.17577745,-0.8671,0.00638294
01.52083325,AX,MG,1839756032.0000,-4579013632.0000,0.16122311,-10.0447,0.09201117
01.52361113,AA,AX,581110.3750,-1533362.0000,1.12125639,0.3387,0.00542222
01.52361113,AA,MG,1841999232.0000,-4580255744.0000,0.20974783,-0.7812,0.00621267
01.52638882,AA,AX,580693.0625,-1533268.7500,1.12138848,0.1616,0.00551952
01.52638882,AA,MG,1843560064.0000,-4579981824.0000,0.19561295,0.1241,0.00665968
01.52638882,AX,MG,1843040896.0000,-4578437632.0000,0.23650165,17.3337,0.07870409
01.52916670,AA,MG,1845109120.0000,-4579708928.0000,0.18014860,-0.0467,0.00636364
01.52916670,AX,MG,1844758784.0000,-4578135552.0000,0.14623063,-48.5680,0.09342107
01.53194439,AA,AX,579877.5625,-1533087.0000,1.12127759,0.4577,0.00608885
01.53194439,AA,MG,1846845952.0000,-4579403264.0000,0.21645250,1.6847,0.00597578
01.53194439,AX,MG,1846324736.0000,-4577859584.0000,0.20823328,-7.4103,0.07177338
01.53472227,AA,AX,579486.0000,-1532999.8750,1.12135751,-0.3242,0.00542327
01.53472227,AA,MG,1848489472.0000,-4579112960.0000,0.19622487,1.4896,0.00615148
01.53472227,AX,MG,1847896320.0000,-4577582592.0000,0.15858677,-28.4871,0.07744533
01.53749996,AA,AX,579047.1250,-1532902.2500,1.12128527,0.9444,0.00558404
01.53749996,AA,MG,1850040064.0000,-4578839040.0000,0.22963729,2.6668,0.00640013
01.53749996,AX,MG,1849513472.0000,-4577296896.0000,0.25369096,12.9134,0.07286621
01.54027784,AA,AX,578669.6250,-1532818.5000,1.12113318,-0.0634,0.00511297
01.54027784,AA,MG,1851732736.0000,-4578539520.0000,0.23603592,-0.3286,0.00680450
01.54027784,AX,MG,1851178496.0000,-4577002496.0000,0.23621310,-12.0368,0.06709564
01.54305553,AA,AX,578244.3750,-1532724.3750,1.12131338,-0.8015,0.00500892
01.54305553,AA,MG,1853280896.0000,-4578265088.0000,0.20511855,0.9327,0.00582612
01.54305553,AX,MG,1852787072.0000,-4576717312.0000,0.20072612,12.2451,0.07311277
01.54583341,AA,AX,577849.5625,-1532637.0000,1.12119295,0.0089,0.00508710
01.54583341,AA,MG,1854968832.0000,-4577965568.0000,0.17735284,1.1501,0.00529829
01.54583341,AX,MG,1854413056.0000,-4576429056.0000,0.14375901,44.8654,0.08351652
01.54861110,AA,MG,1856475904.0000,-4577697792.0000,0.17944658,1.7897,0.00637623
01.54861110,AX,MG,1855963904.0000,-4576153600.0000,0.19999906,-30.3737,0.08024646
01.55138880,AA,MG,1858168576.0000,-4577396224.0000,0.16652262,0.5514,0.00577105
01.55138880,AX,MG,1857640064.0000,-4575855104.0000,0.17591268,-25.6288,0.05321590
01.55416667,AA,AX,576627.1250,-1532367.3750,1.12150422,-0.0293,0.00819536
01.55416667,AA,MG,1859759232.0000,-4577112576.0000,0.22804220,4.7627,0.00673465
01.55416667,AX,MG,1859229952.0000,-4575571968.0000,0.18873724,-33.7158,0.06657000
01.55694437,AA,MG,1861449472.0000,-4576811008.0000,0.19554763,4.0977,0.00609960
01.55694437,AX,MG,1860838016.0000,-4575284736.0000,0.20304836,9.5221,0.07603163
01.55972224,AA,AX,575792.8125,-1532184.1250,1.12131136,0.2911,0.00503771
01.55972224,AA,MG,1863019264.0000,-4576529920.0000,0.17400824,3.9986,0.00514978
01.55972224,AX,MG,1862603648.0000,-4574969344.0000,0.13665752,20.3681,0.09903500
01.56249994,AA,AX,575381.8125,-1532094.0000,1.12131339,0.5532,0.00507587
01.56249994,AA,MG,1864996608.0000,-4576176128.0000,0.17049795,-4.4484,0.00644896
01.56249994,AX,MG,1864077440.0000,-4574705664.0000,0.15539296,19.5483,0.08717796
01.56527781,AA,AX,574970.4375,-1532004.0000,1.12145301,0.2544,0.00504831
01.56527781,AA,MG,1866148992.0000,-4575969280.0000,0.16632019,-4.6940,0.00550875
01.56805551,AA,AX,574583.0625,-1531919.2500,1.12165604,-0.4466,0.00545120
01.56805551,AA,MG,1867902720.0000,-4575654400.0000,0.22345063,1.2868,0.00705917
01.56805551,AX,MG,1867299072.0000,-4574127616.0000,0.14498566,-16.8695,0.06874555
01.57083338,AA,AX,574118.2500,-1531817.8750,1.12168440,0.2025,0.00646307
01.57083338,AA,MG,1869486592.0000,-4575369216.0000,0.19427533,-6.6417,0.00605606
01.57083338,AX,MG,1868922240.0000,-4573835776.0000,0.19072992,10.5092,0.07286876
01.57361108,AA,AX,573727.3750,-1531732.6250,1.12157879,-0.8636,0.00529149
01.57361108,AA,MG,1871138176.0000,-4575071744.0000,0.20713110,1.3038,0.00663380
01.57361108,AX,MG,1870464128.0000,-4573558272.0000,0.21092951,-10.2253,0.07603458
01.57638896,AA,MG,1872793344.0000,-4574773248.0000,0.23647705,0.9172,0.00782028
01.57638896,AX,MG,1872124928.0000,-4573258752.0000,0.24771083,-18.3253,0.07171514
01.57916665,AA,AX,572909.0625,-1531554.6250,1.12133723,1.4993,0.00519574
01.57916665,AA,MG,1874372352.0000,-4574488064.0000,0.21288995,-0.3311,0.00640145
01.57916665,AX,MG,1873803392.0000,-4572955648.0000,0.22407875,10.3133,0.07145399
01.58194453,AA,MG,1875957504.0000,-4574200832.0000,0.20794667,1.4890,0.00646877
01.58194453,AX,MG,1875365376.0000,-4572673024.0000,0.20293216,0.2213,0.06580877
01.58472222,AA,AX,572085.1250,-1531376.0000,1.12158108,-0.2029,0.00508760
01.58472222,AA,MG,1877431040.0000,-4573934080.0000,0.23747225,0.3159,0.00778876
01.58472222,AX,MG,1876978048.0000,-4572381184.0000,0.26229536,5.7085,0.06401143
01.58749992,AA,AX,571660.3125,-1531284.1250,1.12157755,-0.3814,0.00504497
01.58749992,AA,MG,1879223680.0000,-4573608448.0000,0.25793439,-1.6323,0.00814345
01.58749992,AX,MG,1878530816.0000,-4572099072.0000,0.29069658,6.7769,0.06015299
01.59027779,AA,AX,571254.4375,-1531196.3750,1.12154768,1.0911,0.00491016
01.59027779,AA,MG,1880768896.0000,-4573327872.0000,0.24110917,-2.6132,0.00676896
01.59027779,AX,MG,1880173952.0000,-4571800576.0000,0.24882935,9.0062,0.06516782
01.59305549,AA,AX,570837.1875,-1531106.3750,1.12130176,0.6302,0.00522052
01.59305549,AA,MG,1882266240.0000,-4573054976.0000,0.25304101,-1.0024,0.00758792
01.59305549,AX,MG,1881842304.0000,-4571497472.0000,0.26724500,-5.6350,0.05927180
01.59583336,AA,AX,570424.6250,-1531017.5000,1.12118669,-0.3658,0.00518798
01.59583336,AA,MG,1883976320.0000,-4572743168.0000,0.23340172,2.4618,0.00655645
01.59583336,AX,MG,1883404416.0000,-4571212800.0000,0.25557992,-9.3414,0.06513714
01.59861106,AA,AX,569995.2500,-1530925.1250,1.12126080,0.1098,0.00547387
01.59861106,AA,MG,1885558656.0000,-4572454400.0000,0.23409826,1.9977,0.00691682
01.59861106,AX,MG,1884977152.0000,-4570925568.0000,0.24263636,-11.0045,0.06514599
01.60138893,AA,AX,569794.3750,-1530882.1250,1.12170300,-0.0352,0.02417436
01.92083341,AA,AX,519849.7187,-1521031.5000,1.12070340,-1.4541,0.00545178
01.92083341,AA,MG,2064278272.0000,-4536896512.0000,0.20101323,-2.1376,0.00554988
01.92083341,AX,MG,2063737728.0000,-4535379968.0000,0.18964475,13.6189,0.08132436
01.92361110,AA,AX,519395.8437,-1520949.3750,1.12065367,0.2935,0.00570377
01.92361110,AA,MG,2065773440.0000,-4536572928.0000,0.21792823,2.4297,0.00625139
01.92361110,AX,MG,2065266816.0000,-4535048704.0000,0.20636382,-29.6667,0.06730564
01.92638880,AA,AX,518927.5312,-1520864.7500,1.12106411,0.8809,0.00555310
01.92638880,AA,MG,2067285120.0000,-4536244736.0000,0.22063678,1.0172,0.00622132
01.92638880,AX,MG,2066788352.0000,-4534718976.0000,0.20506306,-7.6488,0.06583058
01.92916667,AA,AX,518497.6875,-1520787.2500,1.12078061,-0.2992,0.00525954
01.92916667,AA,MG,2068684160.0000,-4535940608.0000,0.21731401,1.7735,0.00689803
01.92916667,AX,MG,2068234880.0000,-4534404608.0000,0.21711796,-8.3789,0.06792092
01.93194437,AA,AX,518146.5625,-1520724.0000,1.12063219,0.2049,0.00729552
01.93194437,AA,MG,2070237568.0000,-4535602688.0000,0.23129032,-1.1882,0.00673280
01.93194437,AX,MG,2069666176.0000,-4534093312.0000,0.23614894,23.9008,0.06727178
01.93472224,AA,AX,517540.1875,-1520615.0000,1.12096428,-1.4057,0.00618282
01.93472224,AA,MG,2071711616.0000,-4535281152.0000,0.21326105,-0.7221,0.00632552
01.93472224,AX,MG,2071115264.0000,-4533777408.0000,0.21905677,4.3946,0.06777344
01.93749994,AA,AX,517164.1875,-1520547.5000,1.12065186,0.5022,0.00584581
01.94027781,AA,AX,516703.4062,-1520464.8750,1.12070182,-0.4263,0.00515311
01.94027781,AA,MG,2074633984.0000,-4534642688.0000,0.20930186,3.9176,0.00611555
01.94027781,AX,MG,2074134144.0000,-4533118464.0000,0.20636484,-11.4971,0.07615043
01.94305551,AA,AX,516254.6562,-1520384.5000,1.12104777,-0.6554,0.00525760
01.94305551,AX,MG,2075601280.0000,-4532797440.0000,0.19497882,-16.6906,0.07871224
01.94583338,AA,AX,515818.9375,-1520306.6250,1.12117017,0.2320,0.00556087
01.94583338,AX,MG,2077050624.0000,-4532480000.0000,0.17861258,-13.6230,0.07585397
01.94861108,AA,AX,515331.1250,-1520219.6250,1.12114026,-0.0288,0.00573909
01.94861108,AA,MG,2079034112.0000,-4533678080.0000,0.20211103,1.6702,0.00605108
01.94861108,AX,MG,2078521472.0000,-4532156928.0000,0.18143022,-5.8690,0.07643725
01.95138896,AA,AX,514885.7812,-1520140.2500,1.12105779,-0.7605,0.00573417
01.95138896,AA,MG,2080525056.0000,-4533349888.0000,0.23226762,0.2260,0.00655929
01.95138896,AX,MG,2080044928.0000,-4531822080.0000,0.22778815,17.4564,0.07041834
01.95416665,AA,AX,514465.9062,-1520065.5000,1.12113880,0.6071,0.00581841
01.95416665,AA,MG,2082021376.0000,-4533020672.0000,0.21032973,-0.2510,0.00600531
01.95416665,AX,MG,2081456896.0000,-4531511296.0000,0.20688635,-32.7850,0.07075846
01.95694453,AA,AX,514012.4687,-1519984.8750,1.12100629,-0.6288,0.00582961
01.95694453,AA,MG,2083474176.0000,-4532700160.0000,0.21708755,1.6924,0.00625215
01.95694453,AX,MG,2082983552.0000,-4531174912.0000,0.18483135,-45.9058,0.07503717
01.95972222,AA,AX,513545.1875,-1519902.0000,1.12084784,-0.6056,0.00539019
01.95972222,AA,MG,2084893824.0000,-4532386304.0000,0.22095668,-3.8482,0.00657971
01.95972222,AX,MG,2084387456.0000,-4530865152.0000,0.23286906,9.2344,0.06759973
01.96249992,AA,MG,2086339840.0000,-4532066816.0000,0.20863479,-1.9454,0.00601503
01.96249992,AX,MG,2085899904.0000,-4530530816.0000,0.21146969,17.2903,0.07611842
01.96527779,AA,AX,512594.0000,-1519733.6250,1.12089885,0.3014,0.00611447
01.96527779,AA,MG,2087868928.0000,-4531727872.0000,0.23446053,0.1446,0.00719361
01.96527779,AX,MG,2087302144.0000,-4530220032.0000,0.24228272,22.1093,0.06828035
01.96805549,AA,MG,2089315712.0000,-4531406848.0000,0.20656851,-3.9822,0.00601324
01.96805549,AX,MG,2088753664.0000,-4529898496.0000,0.20620201,2.4618,0.08017492
01.97083336,AA,MG,2090702848.0000,-4531098624.0000,0.19141837,-5.2762,0.00618381
01.97083336,AX,MG,2090220288.0000,-4529572864.0000,0.18568843,3.2835,0.07393521
01.97361106,AA,MG,2092210048.0000,-4530763264.0000,0.22554397,-1.1479,0.00731655
01.97361106,AX,MG,2091704320.0000,-4529242624.0000,0.22223522,22.6879,0.06616565
01.97638893,AA,AX,510808.0937,-1519419.0000,1.12096459,-0.0329,0.00533065
01.97638893,AA,MG,2093623808.0000,-4530448384.0000,0.19419399,6.9398,0.00600983
01.97638893,AX,MG,2093159680.0000,-4528918528.0000,0.21120474,-25.8865,0.07994714
01.97916663,AA,AX,510352.2187,-1519339.0000,1.12087099,-1.6749,0.00545608
01.97916663,AA,MG,2095145984.0000,-4530108928.0000,0.23033374,2.5408,0.00661591
01.97916663,AX,MG,2094637312.0000,-4528589312.0000,0.23255389,-36.5387,0.06595640
01.98194450,AA,AX,509907.5000,-1519261.0000,1.12080562,0.0456,0.00524856
01.98194450,AA,MG,2096616832.0000,-4529780224.0000,0.20903283,2.6304,0.00609553
01.98194450,AX,MG,2096083712.0000,-4528266240.0000,0.23018584,3.3318,0.07711472
01.98472220,AA,AX,509435.5937,-1519178.3750,1.12099257,-0.3141,0.00534201
01.98472220,AA,MG,2098056960.0000,-4529457664.0000,0.18449637,2.9347,0.00525144
01.98472220,AX,MG,2097544832.0000,-4527939072.0000,0.15657314,-11.6264,0.07941697
01.98750007,AA,AX,509005.0625,-1519103.1250,1.12094062,0.5321,0.00523917
01.98750007,AX,MG,2098994048.0000,-4527614464.0000,0.24630183,-19.1931,0.05869781
01.99027777,AA,AX,508536.1250,-1519021.2500,1.12088627,1.9026,0.00585108
01.99027777,AA,MG,2100962432.0000,-4528806400.0000,0.21964137,-2.5511,0.00653643
01.99027777,AX,MG,2100432384.0000,-4527291904.0000,0.19154978,55.1986,0.07161410
01.99305564,AA,AX,508089.4375,-1518943.3750,1.12094544,0.6616,0.00522121
01.99305564,AA,MG,2102416128.0000,-4528479232.0000,0.18913101,1.4686,0.00577535
01.99305564,AX,MG,2101888640.0000,-4526964736.0000,0.17895241,-3.6801,0.08190146
01.99583334,AA,AX,507628.5312,-1518863.2500,1.12094104,-0.0457,0.00508090
01.99583334,AA,MG,2103861120.0000,-4528154112.0000,0.19076491,-1.6705,0.00506539
01.99583334,AX,MG,2103347712.0000,-4526636544.0000,0.17261199,-7.7962,0.07630574
01.99861103,AA,AX,507168.7187,-1518783.3750,1.12106160,0.3028,0.00523983
01.99861103,AX,MG,2104792320.0000,-4526310912.0000,0.21445751,29.1421,0.06336410
02.00138891,AA,MG,2106739584.0000,-4527504896.0000,0.18650263,-1.8655,0.00515330
02.00138891,AX,MG,2106227712.0000,-4525987328.0000,0.18462818,1.7807,0.07468601
02.00416660,AA,MG,2108171904.0000,-4527180800.0000,0.16455283,2.5129,0.00470990
02.00416660,AX,MG,2107661184.0000,-4525663232.0000,0.15071081,-38.3301,0.08948532
02.00694448,AA,AX,505806.0000,-1518547.2500,1.12104150,-1.0565,0.00520086
02.00694448,AA,MG,2109623168.0000,-4526852608.0000,0.18821226,-1.2157,0.00517614
02.00694448,AX,MG,2109010432.0000,-4525358080.0000,0.17139506,-29.9539,0.08410271
02.00972217,AA,AX,505316.9062,-1518462.8750,1.12106718,0.6553,0.00603096
02.00972217,AA,MG,2111042560.0000,-4526530560.0000,0.19570881,-2.2838,0.00561277
02.00972217,AX,MG,2110564480.0000,-4525005824.0000,0.17843338,-2.3395,0.07912150
02.01250005,AA,AX,504910.0937,-1518392.7500,1.12100038,-0.5678,0.00545022
02.01250005,AA,MG,2112527232.0000,-4526193152.0000,0.18058845,1.8914,0.00526510
02.01527774,AA,AX,504410.8437,-1518306.7500,1.12100310,0.7774,0.00545407
02.01527774,AA,MG,2113962368.0000,-4525867008.0000,0.20492847,-0.1467,0.00561902
02.01527774,AX,MG,2113481856.0000,-4524343296.0000,0.18060359,-18.6358,0.07564574
02.06805557,AA,MG,2141214080.0000,-4519577600.0000,0.20334125,0.2992,0.00534647
02.07083327,AA,AX,495075.6250,-1516725.1250,1.12103994,-1.4479,0.00816480
02.07083327,AA,MG,2142593664.0000,-4519254528.0000,0.22263476,-0.7992,0.00614308
02.07361114,AA,AX,494742.4687,-1516669.5000,1.12111890,-0.0265,0.00508958
02.07638884,AA,AX,494280.9375,-1516592.6250,1.12109190,-0.0673,0.00522326
02.07638884,AX,MG,2144875904.0000,-4517086208.0000,0.18469519,-17.8396,0.08462433
02.07916671,AA,MG,2146862848.0000,-4518251520.0000,0.22651202,-0.5101,0.00599864
02.07916671,AX,MG,2146343168.0000,-4516741120.0000,0.20637212,-10.3986,0.07378856
02.08194441,AA,AX,493372.9687,-1516441.7500,1.12109645,0.0776,0.00564364
02.08194441,AA,MG,2148194048.0000,-4517938176.0000,0.23211054,-0.1045,0.00647525
02.08194441,AX,MG,2147767296.0000,-4516405760.0000,0.22291562,-21.3405,0.06536050
02.08472228,AA,MG,2149680128.0000,-4517587456.0000,0.21660947,-0.9736,0.00630970
02.08472228,AX,MG,2149155840.0000,-4516078592.0000,0.20727242,36.0798,0.06838958
02.08749998,AA,AX,492411.6250,-1516282.3750,1.12126656,-0.2387,0.00527561
02.08749998,AA,MG,2151079936.0000,-4517256704.0000,0.21812785,-2.1319,0.00624344
02.08749998,AX,MG,2150591232.0000,-4515739648.0000,0.22042611,0.2427,0.06654612
02.09027785,AA,AX,491945.8750,-1516205.5000,1.12097696,-1.1039,0.00542753
02.09027785,AA,MG,2152444416.0000,-4516933632.0000,0.20172969,-0.0113,0.00590269
02.09305555,AA,AX,491494.0625,-1516130.8750,1.12116102,0.9062,0.00532857
02.09305555,AA,MG,2153883904.0000,-4516592640.0000,0.21419211,-1.2678,0.00620896
02.09305555,AX,MG,2153415168.0000,-4515071488.0000,0.20847240,8.6602,0.07090462
02.09583342,AA,AX,491059.6875,-1516059.3750,1.12110836,0.7239,0.00592586
02.09583342,AA,MG,2155269120.0000,-4516263936.0000,0.21087177,-3.4683,0.00568200
02.09583342,AX,MG,2154749952.0000,-4514754560.0000,0.20620255,-1.6906,0.06918216
02.09861112,AA,AX,490534.7187,-1515973.0000,1.12112450,0.0746,0.00545837
02.09861112,AA,MG,2156693504.0000,-4515925504.0000,0.22427210,-3.7218,0.00610184
02.09861112,AX,MG,2156223744.0000,-4514404352.0000,0.20516165,13.1200,0.06748138
02.10138881,AA,AX,490047.5937,-1515892.8750,1.12132448,0.5963,0.00783418
02.10138881,AX,MG,2157573376.0000,-4514083840.0000,0.19715602,-31.6266,0.08535217
02.10416669,AA,AX,489616.4375,-1515822.1250,1.12116130,-0.1044,0.00513694
02.10416669,AA,MG,2159511808.0000,-4515254272.0000,0.18858316,3.1856,0.00525965
02.10416669,AX,MG,2159032320.0000,-4513736192.0000,0.20104961,-28.5240,0.08011073
02.10694438,AA,AX,489153.3437,-1515746.3750,1.12124457,-0.3517,0.00509676
02.10694438,AA,MG,2160871424.0000,-4514929664.0000,0.19344020,-2.0812,0.00539472
02.10972226,AA,AX,488660.9062,-1515665.7500,1.12102616,0.8460,0.00548904
02.10972226,AA,MG,2162320640.0000,-4514583552.0000,0.21675989,-7.7227,0.00576469
02.10972226,AX,MG,2161825280.0000,-4513069056.0000,0.19946560,14.7712,0.06805380
02.11249995,AA,MG,2163682560.0000,-4514257408.0000,0.20500224,-1.5535,0.00645231
02.11249995,AX,MG,2163268352.0000,-4512723968.0000,0.20870486,1.8671,0.07000853
02.11527783,AA,MG,2165094656.0000,-4513918464.0000,0.20621650,-1.3950,0.00664486
02.11527783,AX,MG,2164588288.0000,-4512407552.0000,0.18868563,-19.6520,0.06984890
02.11805552,AA,AX,487291.9062,-1515442.6250,1.12125171,-0.9556,0.00538287
02.11805552,AA,MG,2166529024.0000,-4513574400.0000,0.18605373,-0.8870,0.00560822
02.11805552,AX,MG,2166044416.0000,-4512058368.0000,0.19692470,7.3288,0.07925495
02.12083340,AA,AX,486799.6250,-1515362.6250,1.12125092,-1.5538,0.00528689
02.12083340,AA,MG,2167869184.0000,-4513251840.0000,0.21507530,-1.1281,0.00606627
02.12083340,AX,MG,2167335424.0000,-4511748096.0000,0.21936725,-13.7196,0.06806528
02.12361109,AA,AX,486346.3437,-1515289.0000,1.12092751,0.9736,0.00598331
02.12361109,AA,MG,2169297152.0000,-4512908288.0000,0.20660925,-3.0626,0.00580519
02.12361109,AX,MG,2168768000.0000,-4511403008.0000,0.21422293,-27.6974,0.07152641
02.12638897,AA,AX,485872.2500,-1515212.2500,1.12114020,-0.5695,0.00557707
02.12638897,AA,MG,2170653952.0000,-4512581120.0000,0.17781051,-1.6097,0.00576357
02.12916666,AA,AX,485334.3125,-1515125.2500,1.12098996,-0.2712,0.00740879
02.12916666,AX,MG,2171580416.0000,-4510725120.0000,0.16007151,1.8185,0.08521421
02.13194436,AA,AX,484923.9687,-1515058.8750,1.12113949,-1.0784,0.00548546
02.13194436,AA,MG,2173506048.0000,-4511891456.0000,0.19501738,0.0573,0.00569299
02.13194436,AX,MG,2173012480.0000,-4510378496.0000,0.18548389,-19.0881,0.07174910
02.13472223,AA,AX,484536.8437,-1514996.5000,1.12106861,1.7086,0.00650965
02.13749993,AA,MG,2176246272.0000,-4511227392.0000,0.21413972,-4.2010,0.00589386
02.13749993,AX,MG,2175805696.0000,-4509702144.0000,0.21882339,3.8164,0.07050647
02.14027780,AA,AX,483505.3750,-1514830.3750,1.12124502,-0.3475,0.00570553
02.14027780,AX,MG,2177176064.0000,-4509369344.0000,0.23059638,-14.1456,0.05672413
02.14305550,AA,AX,483086.0312,-1514763.1250,1.12104664,-0.1317,0.00536349
02.14583337,AA,AX,482596.5937,-1514684.6250,1.12116345,0.2446,0.00533751
02.14583337,AA,MG,2180473856.0000,-4510198784.0000,0.20059360,3.8053,0.00630440
02.14861107,AA,MG,2181809408.0000,-4509873152.0000,0.22704087,-0.0444,0.00633082
02.14861107,AX,MG,2181346560.0000,-4508353536.0000,0.21240812,-12.9067,0.05944124
02.15138894,AA,AX,481655.1875,-1514534.0000,1.12110069,0.1796,0.00498784
02.15138894,AA,MG,2183245824.0000,-4509521920.0000,0.20809077,1.4586,0.00563817
02.15138894,AX,MG,2182722816.0000,-4508017152.0000,0.18241826,4.1794,0.06854551
02.15416664,AA,AX,481188.5000,-1514459.5000,1.12113619,-0.3059,0.00528794
02.15416664,AA,MG,2184612608.0000,-4509187072.0000,0.19974420,3.1997,0.00565379
02.15416664,AX,MG,2184088064.0000,-4507683328.0000,0.22378075,-20.6336,0.06926973
02.15694451,AA,AX,480696.8750,-1514381.2500,1.12121870,0.5711,0.00499728
02.15694451,AA,MG,2185931776.0000,-4508864000.0000,0.22375932,3.8762,0.00666747
02.15694451,AX,MG,2185506304.0000,-4507336192.0000,0.21164370,-7.5161,0.06933901
02.15972221,AA,MG,2187335168.0000,-4508519424.0000,0.20746364,1.8087,0.00587358
02.15972221,AX,MG,2186912256.0000,-4506991104.0000,0.21283556,8.0360,0.07632903
02.16250008,AA,AX,479756.8750,-1514231.7500,1.12112574,0.5570,0.00508040
02.16250008,AA,MG,2188698112.0000,-4508184576.0000,0.21251448,-1.9396,0.00646384
02.16250008,AX,MG,2188261376.0000,-4506659840.0000,0.22723376,-21.7064,0.06575494
02.16527778,AA,AX,479288.5937,-1514157.5000,1.12110344,1.1332,0.00526802
02.16527778,AA,MG,2190086656.0000,-4507842560.0000,0.19534055,-4.9846,0.00632991
02.16527778,AX,MG,2189613056.0000,-4506327040.0000,0.21474511,7.0280,0.07220692
02.16805547,AA,AX,479041.9062,-1514118.3750,1.12113544,0.4291,0.02441747
02.43472230,AA,MG,2318401024.0000,-4473867776.0000,0.18524218,2.8151,0.00549243
02.43750000,AA,AX,431636.8437,-1507160.1250,1.12112746,-0.0690,0.00763099
02.44027770,AA,AX,431268.3437,-1507110.1250,1.12110353,0.6860,0.00553848
02.44027770,AA,MG,2320790528.0000,-4473186304.0000,0.18373312,-2.3106,0.00516918
02.44027770,AX,MG,2320421376.0000,-4471661056.0000,0.18696158,-14.3081,0.07580507
02.44305557,AA,AX,430780.7187,-1507044.0000,1.12111833,0.7722,0.00513779
02.44583327,AA,AX,430284.5312,-1506976.8750,1.12115636,-0.8373,0.00537745
02.44583327,AA,MG,2323352576.0000,-4472453120.0000,0.17215848,2.5143,0.00475918
02.44583327,AX,MG,2322926080.0000,-4470944768.0000,0.15717086,0.0543,0.07986141
02.44861114,AA,AX,429806.3437,-1506912.2500,1.12110088,0.3168,0.00516345
02.44861114,AA,MG,2324671232.0000,-4472074752.0000,0.17636377,0.4772,0.00498709
02.44861114,AX,MG,2324188416.0000,-4470583296.0000,0.16087121,0.3421,0.08274385
02.45138884,AA,MG,2325872384.0000,-4471729664.0000,0.18741907,1.8003,0.00499625
02.45138884,AX,MG,2325445376.0000,-4470222336.0000,0.18593513,-1.5303,0.06780493
02.45416671,AA,AX,428796.0000,-1506776.1250,1.12113044,1.3324,0.00602529
02.45416671,AA,MG,2327163392.0000,-4471358464.0000,0.20383702,0.2526,0.00632099
02.45416671,AX,MG,2326780672.0000,-4469838336.0000,0.19037832,-7.2356,0.06688677
02.45694441,AA,AX,428343.0312,-1506715.2500,1.12116202,-0.1622,0.00541020
02.45694441,AA,MG,2328409600.0000,-4470999040.0000,0.18212136,2.7634,0.00502344
02.45694441,AX,MG,2327958528.0000,-4469498880.0000,0.17548996,24.9766,0.07199371
02.45972228,AA,MG,2329651456.0000,-4470640640.0000,0.21001440,-1.5127,0.00650285
02.45972228,AX,MG,2329195008.0000,-4469142528.0000,0.20263971,5.1180,0.06169397
02.46249998,AA,AX,427301.1250,-1506575.6250,1.12102689,-0.0598,0.00507744
02.46249998,AA,MG,2330890752.0000,-4470282752.0000,0.20677542,-1.0308,0.00691277
02.46249998,AX,MG,2330459392.0000,-4468777472.0000,0.21273517,-0.8146,0.06192645
02.46527785,AA,AX,426800.4375,-1506508.6250,1.12117551,-1.1922,0.00514497
02.46527785,AA,MG,2332123904.0000,-4469925888.0000,0.22290998,4.5276,0.00647422
02.46527785,AX,MG,2331766272.0000,-4468399104.0000,0.22458045,10.8017,0.06150660
02.46805555,AA,AX,426319.2812,-1506444.3750,1.12103537,0.6468,0.00524011
02.46805555,AA,MG,2333399040.0000,-4469556224.0000,0.23638732,3.7519,0.00671446
02.46805555,AX,MG,2332930304.0000,-4468061696.0000,0.23442568,6.7839,0.05896529
02.47083342,AA,AX,425796.6250,-1506374.7500,1.12099533,0.2185,0.00527639
02.47083342,AA,MG,2334643712.0000,-4469194752.0000,0.20888062,-2.8771,0.00624898
02.47083342,AX,MG,2334227200.0000,-4467685376.0000,0.21153228,8.6238,0.06266083
02.47361112,AA,AX,425346.0625,-1506314.7500,1.12088790,-0.8046,0.00544684
02.47361112,AA,MG,2335900672.0000,-4468829184.0000,0.21974054,2.4241,0.00645016
02.47361112,AX,MG,2335499008.0000,-4467315712.0000,0.21839811,0.9762,0.06552940
02.47638881,AA,AX,424792.2500,-1506241.1250,1.12110249,-0.6997,0.00554275
02.47638881,AA,MG,2337120512.0000,-4468473856.0000,0.20133790,-1.8657,0.00588393
02.47638881,AX,MG,2336772352.0000,-4466945536.0000,0.19513396,13.4488,0.06611287
02.47916669,AA,AX,424321.0000,-1506178.6250,1.12093118,1.0063,0.00621309
02.47916669,AA,MG,2338368768.0000,-4468109824.0000,0.19969605,0.1065,0.00553834
02.47916669,AX,MG,2337924352.0000,-4466609664.0000,0.19580074,23.6481,0.06563516
02.48194438,AA,MG,2339659776.0000,-4467732480.0000,0.22223856,2.4983,0.00631591
02.48194438,AX,MG,2339203072.0000,-4466235904.0000,0.23214625,-6.8655,0.06367759
02.48472226,AA,AX,423331.2187,-1506047.6250,1.12099117,-0.6630,0.00564521
02.48472226,AA,MG,2340820736.0000,-4467393024.0000,0.20431408,3.3849,0.00563931
02.48472226,AX,MG,2340445184.0000,-4465872896.0000,0.20372567,6.5326,0.07017849
02.48749995,AA,AX,422794.6250,-1505976.7500,1.12086473,-0.3046,0.00510801
02.49027783,AA,MG,2343357696.0000,-4466649088.0000,0.19170239,2.5785,0.00496379
02.49027783,AX,MG,2342971904.0000,-4465132544.0000,0.18492853,-1.4685,0.07100588
02.49305552,AA,AX,421820.9062,-1505848.6250,1.12093717,0.3231,0.00530024
02.49305552,AA,MG,2344572928.0000,-4466291712.0000,0.22320875,-1.7864,0.00630663
02.49305552,AX,MG,2344188672.0000,-4464775168.0000,0.22117730,6.5311,0.05888050
02.49583340,AA,AX,421312.1562,-1505781.7500,1.12106370,-0.4806,0.00527784
02.49583340,AA,MG,2345802240.0000,-4465929728.0000,0.21370965,0.9335,0.00581574
02.49861109,AA,AX,420798.4375,-1505714.3750,1.12112346,0.1217,0.00531468
02.49861109,AA,MG,2347114752.0000,-4465542656.0000,0.18738819,-3.5593,0.00593914
02.50138897,AA,AX,420301.9062,-1505649.3750,1.12101079,-0.6254,0.00527652
02.50138897,AX,MG,2347889920.0000,-4463684096.0000,0.23005203,-18.4040,0.05492104
02.50416666,AA,AX,419825.6875,-1505587.1250,1.12095242,-0.1359,0.00590115
02.50694436,AA,AX,419301.6875,-1505518.7500,1.12091268,-0.6876,0.00547091
02.50694436,AA,MG,2350753792.0000,-4464466432.0000,0.19626722,0.6456,0.00566084
02.50694436,AX,MG,2350355712.0000,-4462955008.0000,0.19711912,14.9694,0.06771782
02.50972223,AA,AX,418798.6562,-1505453.2500,1.12127890,0.2509,0.00532925
02.50972223,AA,MG,2352025088.0000,-4464089600.0000,0.21220097,1.4758,0.00667341
02.50972223,AX,MG,2351520256.0000,-4462609408.0000,0.21473987,-11.8951,0.06219161
02.51249993,AA,MG,2353240064.0000,-4463728640.0000,0.21645901,1.1895,0.00636951
02.51249993,AX,MG,2352783872.0000,-4462234112.0000,0.21840837,-0.6059,0.05669000
02.51527780,AA,AX,417787.3125,-1505321.7500,1.12107488,0.3462,0.00580806
02.51527780,AX,MG,2354011392.0000,-4461869056.0000,0.17926339,-23.4085,0.07054501
02.51805550,AA,AX,417281.7187,-1505256.2500,1.12113814,-0.5234,0.00558865
02.51805550,AA,MG,2355649024.0000,-4463011328.0000,0.20309590,-0.3600,0.00597658
02.51805550,AX,MG,2355219200.0000,-4461509632.0000,0.20826338,-8.3177,0.06555835
02.52083337,AA,AX,416806.6250,-1505194.7500,1.12117284,1.0414,0.00604545
02.52361107,AA,AX,416292.7812,-1505128.3750,1.12108649,-0.7726,0.00496824
02.52361107,AA,MG,2358096384.0000,-4462280192.0000,0.20164143,1.0111,0.00529437
02.52361107,AX,MG,2357682688.0000,-4460773888.0000,0.20674821,-10.4937,0.06286026
02.52638894,AA,AX,415788.1250,-1505063.2500,1.12097698,1.3298,0.00527254
02.52638894,AA,MG,2359359232.0000,-4461901824.0000,0.21528194,-0.3725,0.00629775
02.52638894,AX,MG,2358952704.0000,-4460393984.0000,0.20925842,-29.8283,0.06170563
02.52916664,AA,MG,2360613120.0000,-4461526016.0000,0.19369705,-5.1223,0.00532589
02.52916664,AX,MG,2360216576.0000,-4460015104.0000,0.19426550,55.3383,0.07284424
02.53194451,AA,AX,414751.5312,-1504929.8750,1.12104786,-0.1960,0.00526086
02.53194451,AA,MG,2361777408.0000,-4461176320.0000,0.22141306,1.9371,0.00574336
02.53194451,AX,MG,2361375232.0000,-4459667456.0000,0.22766079,6.9688,0.05863232
02.58472216,AA,AX,405156.6250,-1503716.7500,1.12098612,0.7366,0.00563797
02.58472216,AA,MG,2384841472.0000,-4454139904.0000,0.17978628,1.7271,0.00526130
02.58750004,AA,AX,404663.1875,-1503655.3750,1.12110442,0.7555,0.00519933
02.58750004,AA,MG,2385936896.0000,-4453800448.0000,0.20239588,-0.2727,0.00572281
02.58750004,AX,MG,2385509632.0000,-4452303872.0000,0.20960161,6.8050,0.05984875
02.59027773,AA,AX,404124.4687,-1503588.6250,1.12090461,-1.8469,0.00551838
02.59027773,AA,MG,2387175680.0000,-4453415936.0000,0.21498693,7.3743,0.00646548
02.59027773,AX,MG,2386683136.0000,-4451939840.0000,0.21464453,-23.9553,0.06149292
02.59305561,AA,AX,403617.6875,-1503525.8750,1.12103072,0.5487,0.00546612
02.59583330,AA,AX,403122.9375,-1503464.6250,1.12104629,0.1019,0.00538831
02.59583330,AX,MG,2389124352.0000,-4451181056.0000,0.16842848,-5.4897,0.07964256
02.59861118,AA,AX,402654.4375,-1503406.7500,1.12100096,0.1311,0.00583728
02.60138887,AA,AX,402112.9375,-1503340.0000,1.12089061,0.1811,0.00542499
02.60138887,AA,MG,2391873792.0000,-4451952640.0000,0.20937959,1.1682,0.00574428
02.60138887,AX,MG,2391485696.0000,-4450444800.0000,0.21507191,5.2670,0.07165540
02.60416675,AA,MG,2393075968.0000,-4451576320.0000,0.18826030,1.4542,0.00516602
02.60416675,AX,MG,2392688128.0000,-4450068992.0000,0.18076284,-14.4474,0.07494040
02.60694444,AA,MG,2394284800.0000,-4451197440.0000,0.20984757,2.8940,0.00622434
02.60694444,AX,MG,2393836544.0000,-4449709056.0000,0.20940000,7.4110,0.06591751
02.60972214,AA,AX,400568.0312,-1503150.1250,1.12096919,0.8772,0.00531898
02.60972214,AA,MG,2395410432.0000,-4450844672.0000,0.21142375,0.2527,0.00601522
02.60972214,AX,MG,2395036416.0000,-4449333248.0000,0.20133792,2.5533,0.06094734
02.61250001,AA,AX,400079.7812,-1503090.3750,1.12085515,-1.6278,0.00549089
02.61527771,AA,AX,399546.1562,-1503025.1250,1.12104050,-0.1034,0.00579691
02.61527771,AX,MG,2397444608.0000,-4448576000.0000,0.17987718,-25.0034,0.07041329
02.61805558,AA,MG,2398995712.0000,-4449716224.0000,0.20474916,-1.1940,0.00549030
02.61805558,AX,MG,2398557696.0000,-4448225280.0000,0.19023351,-19.2326,0.07061188
02.62083328,AA,AX,398531.1250,-1502901.3750,1.12101927,0.6337,0.00515087
02.62083328,AA,MG,2400189440.0000,-4449339392.0000,0.20071047,2.3308,0.00521810
02.62083328,AX,MG,2399750400.0000,-4447848960.0000,0.19847487,2.5308,0.06634426
02.62361115,AA,AX,398025.6875,-1502839.8750,1.12098891,-0.7103,0.00542059
02.62361115,AA,MG,2401417216.0000,-4448950784.0000,0.22905473,-0.7509,0.00687494
02.62361115,AX,MG,2400954368.0000,-4447468544.0000,0.22110838,-12.6253,0.06310199
02.62638885,AA,AX,397498.0937,-1502775.8750,1.12079902,-0.1746,0.00583464
02.62916672,AA,AX,397002.5312,-1502715.7500,1.12093670,0.2205,0.00529409
02.62916672,AA,MG,2403683840.0000,-4448232448.0000,0.21117026,0.5421,0.00554919
02.62916672,AX,MG,2403265536.0000,-4446736384.0000,0.21166871,-40.3611,0.06551495
02.63194442,AA,AX,396484.2812,-1502653.0000,1.12088360,0.0470,0.00515850
02.63194442,AA,MG,2404792064.0000,-4447880192.0000,0.23488475,-2.2596,0.00717064
02.63472229,AA,AX,395966.8437,-1502590.5000,1.12086099,-0.0721,0.00556980
02.63472229,AA,MG,2406039808.0000,-4447483392.0000,0.21394472,-0.2431,0.00632102
02.63472229,AX,MG,2405571328.0000,-4446003712.0000,0.20526216,-2.5107,0.07063451
02.63749999,AA,MG,2407191296.0000,-4447116288.0000,0.20511143,-0.0898,0.00523276
02.63749999,AX,MG,2406776832.0000,-4445619712.0000,0.18724981,27.1137,0.06973291
02.64027786,AA,AX,394928.8750,-1502465.5000,1.12095043,-0.0688,0.00581416
02.64027786,AA,MG,2408360704.0000,-4446743040.0000,0.21987135,0.9334,0.00618451
02.64027786,AX,MG,2408038144.0000,-4445217280.0000,0.19004416,-39.3647,0.06434240
02.64305556,AA,AX,394443.0000,-1502407.1250,1.12084758,-0.1607,0.00512197
02.64305556,AA,MG,2409531648.0000,-4446368768.0000,0.22690784,0.9191,0.00565026
02.64583325,AA,AX,393887.4375,-1502340.5000,1.12083213,0.1457,0.00583610
02.64583325,AX,MG,2410308096.0000,-4444491264.0000,0.16650851,-29.2521,0.08266773
02.64861113,AX,MG,2411515136.0000,-4444104704.0000,0.16799769,-4.5243,0.08474751
02.65138882,AA,AX,392882.1250,-1502220.2500,1.12098049,0.4381,0.00610972
02.65138882,AA,MG,2413045760.0000,-4445241344.0000,0.22949335,0.1388,0.00607777
02.65138882,AX,MG,2412644608.0000,-4443741696.0000,0.20916955,-26.9217,0.05760808
02.65416670,AA,AX,392405.5625,-1502163.3750,1.12098008,0.6188,0.00534445
02.65694439,AA,AX,391867.5312,-1502099.2500,1.12101788,0.3122,0.00516417
02.65694439,AX,MG,2414981120.0000,-4442989568.0000,0.19256176,18.9669,0.07977465
02.65972227,AA,AX,391375.0625,-1502040.6250,1.12099231,-1.2048,0.00535965
02.65972227,AA,MG,2416540160.0000,-4444115456.0000,0.19202354,2.0957,0.00478707
02.65972227,AX,MG,2416107776.0000,-4442626560.0000,0.18644827,9.0632,0.07369846
02.66249996,AA,AX,390844.0625,-1501977.6250,1.12100977,-0.0328,0.00506340
02.66249996,AA,MG,2417671680.0000,-4443749376.0000,0.21476125,-0.1032,0.00604879
02.66249996,AX,MG,2417331200.0000,-4442230784.0000,0.22241158,-6.7972,0.06008059
02.66527784,AA,AX,390338.3125,-1501917.6250,1.12113591,-0.9243,0.00530385
02.66527784,AA,MG,2418831616.0000,-4443373568.0000,0.18800504,1.2118,0.00521125
02.66527784,AX,MG,2418482432.0000,-4441858560.0000,0.18700404,18.1864,0.06841637
02.66805553,AA,AX,389799.0625,-1501853.8750,1.12109790,0.4871,0.00558744
02.66805553,AA,MG,2419979264.0000,-4443001344.0000,0.22397243,0.6777,0.00602599
02.66805553,AX,MG,2419652864.0000,-4441479168.0000,0.23064436,-14.5286,0.06079371
02.67083341,AA,AX,389317.1875,-1501797.0000,1.12095598,0.1381,0.00586516
02.67083341,AA,MG,2421170176.0000,-4442614784.0000,0.22873272,0.5348,0.00655196
02.67083341,AX,MG,2420795136.0000,-4441107968.0000,0.22162382,-0.1046,0.05999779
02.67361110,AA,MG,2422328064.0000,-4442237952.0000,0.22327479,3.3168,0.00686869
02.67361110,AX,MG,2421913344.0000,-4440744448.0000,0.22856483,-35.3341,0.05645738
02.67638880,AA,AX,388251.5937,-1501671.3750,1.12103037,-1.0702,0.00536585
02.67638880,AA,MG,2423511808.0000,-4441851904.0000,0.18104328,-1.7528,0.00544333
02.67916667,AA,MG,2424627712.0000,-4441487872.0000,0.21521741,2.6125,0.00624008
02.67916667,AX,MG,2424235776.0000,-4439987712.0000,0.21933383,-19.0393,0.06032937
02.68194437,AA,AX,387213.1875,-1501549.5000,1.12107606,0.2328,0.00641359
02.68472224,AA,MG,2426377216.0000,-4440915968.0000,0.24143514,-1.1183,0.03302918
02.68472224,AX,MG,2425990144.0000,-4439413760.0000,0.17505465,106.5106,0.24597377
03.00694442,AA,MG,2551409152.0000,-4395893760.0000,0.17979469,-0.6440,0.00531279
03.00972211,AA,MG,2552414208.0000,-4395493376.0000,0.18669186,0.1153,0.00534497
03.01250017,AA,MG,2553445888.0000,-4395082240.0000,0.18347599,2.0395,0.00594941
03.01527786,AA,MG,2554405632.0000,-4394698752.0000,0.17911706,0.3848,0.00575879
03.01805556,AA,MG,2555364864.0000,-4394314752.0000,0.17792851,2.5192,0.00597969
03.02361095,AA,MG,2557402880.0000,-4393497088.0000,0.18307126,-1.7279,0.00616576
03.02638900,AA,MG,2558316544.0000,-4393129472.0000,0.18161734,5.5093,0.00638716
03.03472209,AA,MG,2561315584.0000,-4391918592.0000,0.18560490,5.6143,0.00637536
03.03750014,AA,MG,2562255104.0000,-4391537664.0000,0.18370121,0.4207,0.00693406
03.04027784,AA,MG,2563335168.0000,-4391099392.0000,0.18390989,-2.3664,0.00698987
03.04305553,AA,MG,2564242432.0000,-4390730240.0000,0.17362991,4.9947,0.00662175
03.04583323,AA,MG,2565210112.0000,-4390336512.0000,0.17953176,2.3350,0.00653235
03.04861128,AA,MG,2566236416.0000,-4389917696.0000,0.17507953,-1.1126,0.00697955
03.05138898,AA,MG,2567165440.0000,-4389537792.0000,0.18505036,-0.0295,0.00605334
03.05416667,AA,MG,2568154624.0000,-4389132288.0000,0.17203476,-2.8859,0.00596412
03.05694437,AA,MG,2569069568.0000,-4388757504.0000,0.17111835,1.6011,0.00602110
03.05972207,AA,MG,2570099968.0000,-4388333568.0000,0.18101339,0.4642,0.00569980
03.06250012,AA,MG,2571012864.0000,-4387957760.0000,0.17983664,0.0511,0.00597342
03.06527781,AA,MG,2572026880.0000,-4387539456.0000,0.17110724,-2.7441,0.00548615
03.06805551,AA,MG,2573002752.0000,-4387136512.0000,0.16810156,-1.4996,0.00560714
03.07361126,AA,MG,2574914816.0000,-4386343936.0000,0.17096008,-2.3925,0.00587558
03.07638896,AA,MG,2575924224.0000,-4385924608.0000,0.17483796,0.5178,0.00586779
03.07916665,AA,MG,2576886784.0000,-4385524224.0000,0.17534602,1.5990,0.00583589
03.08194435,AA,MG,2577801216.0000,-4385142784.0000,0.17076471,2.6841,0.00567830
03.08472240,AA,MG,2578778368.0000,-4384734720.0000,0.17460127,-1.7848,0.00577299
03.08750010,AA,MG,2579707904.0000,-4384345600.0000,0.17135119,-3.8793,0.00602251
03.09027779,AA,MG,2580613888.0000,-4383966208.0000,0.16874553,0.8651,0.00599085
03.09305549,AA,MG,2581650944.0000,-4383530496.0000,0.17036461,-1.4000,0.00612302
03.09583318,AA,MG,2582624000.0000,-4383120896.0000,0.17598913,1.8186,0.00629062
03.15138888,AA,MG,2601325568.0000,-4375100416.0000,0.17950992,2.4188,0.00625488
03.15416658,AA,MG,2602302976.0000,-4374673408.0000,0.17997592,-2.9546,0.00592712
03.15694427,AA,MG,2603165696.0000,-4374295552.0000,0.18861617,-1.8268,0.00578390
03.16250002,AA,MG,2605050112.0000,-4373467648.0000,0.18502562,-0.5348,0.00573763
03.16527772,AA,MG,2605935360.0000,-4373077504.0000,0.18945625,2.2807,0.00599747
03.16805542,AA,MG,2606869248.0000,-4372665344.0000,0.18561147,1.5680,0.00581146
03.17083347,AA,MG,2607779840.0000,-4372262912.0000,0.19140307,-0.3551,0.00538685
03.17361116,AA,MG,2608708608.0000,-4371851264.0000,0.18874822,2.8684,0.00547483
03.17638886,AA,MG,2609627136.0000,-4371443712.0000,0.18476529,3.0853,0.00536447
03.17916656,AA,MG,2610541568.0000,-4371037184.0000,0.18245761,-2.8060,0.00568990
03.18472230,AA,MG,2612351744.0000,-4370229760.0000,0.19082948,1.3224,0.00598533
03.19027770,AA,MG,2614176000.0000,-4369413632.0000,0.19081190,-0.0027,0.00599337
03.19305539,AA,MG,2615056128.0000,-4369018368.0000,0.19121266,-0.9306,0.00587031
03.19583344,AA,MG,2615933952.0000,-4368623616.0000,0.18217601,0.4939,0.00608203
03.20138884,AA,MG,2617798656.0000,-4367782912.0000,0.18409555,3.0037,0.00624131
03.20416653,AA,MG,2618695424.0000,-4367377408.0000,0.18852684,0.5595,0.00544961
03.20694458,AA,MG,2619582720.0000,-4366974976.0000,0.19029454,0.0564,0.00607916
03.20972228,AA,MG,2620442112.0000,-4366585344.0000,0.18685868,1.1541,0.00572173
03.21249998,AA,MG,2621335296.0000,-4366178816.0000,0.18608894,2.2836,0.00558227
03.21527767,AA,MG,2622258432.0000,-4365757952.0000,0.18714543,0.5000,0.00522077
03.21805573,AA,MG,2623127296.0000,-4365361152.0000,0.18617078,1.5392,0.00545206
03.22361112,AA,MG,2624870912.0000,-4364562944.0000,0.18850878,4.7503,0.00557838
03.22638881,AA,MG,2625797120.0000,-4364137984.0000,0.18669255,0.5867,0.00621839
03.22916651,AA,MG,2626680832.0000,-4363731456.0000,0.18289788,-1.8137,0.00538505
03.23194456,AA,MG,2627559936.0000,-4363325952.0000,0.17953439,-0.0233,0.00567744
03.23472226,AA,MG,2628509184.0000,-4362887680.0000,0.18085882,0.4448,0.00601623
03.23749995,AA,MG,2629381376.0000,-4362484224.0000,0.18380141,-0.0972,0.00590608
03.24027765,AA,MG,2630225920.0000,-4362092544.0000,0.17847737,-2.6466,0.00626907
03.24305570,AA,MG,2631085056.0000,-4361693184.0000,0.18010717,-2.0305,0.00582883
03.25138879,AA,MG,2633304576.0000,-4360658944.0000,0.18409641,0.1543,0.02671223
03.47083318,AA,LM,2153333504.0000,-3200293376.0000,0.03596828,-5.3099,0.00143460
03.47083318,AA,MG,2698383616.0000,-4327756800.0000,0.18894020,4.6977,0.00538574
03.47083318,LM,MG,545061504.0000,-1127455616.0000,0.19138450,-26.2810,0.01945687
03.47361124,AA,LM,2153467648.0000,-3199987200.0000,0.03185329,-6.3990,0.00165540
03.47361124,AA,MG,2699142144.0000,-4327339520.0000,0.19197861,2.8771,0.00579523
03.47638893,AA,LM,2153634048.0000,-3199604480.0000,0.03334411,-0.4914,0.00153145
03.47638893,AA,MG,2699890176.0000,-4326926848.0000,0.19277823,1.2482,0.00515987
03.47638893,LM,MG,546290304.0000,-1127286528.0000,0.16765054,-13.5146,0.01854278
03.47916663,AA,LM,2153768960.0000,-3199291648.0000,0.03295680,-2.4504,0.00153427
03.47916663,AA,MG,2700663808.0000,-4326499328.0000,0.19563588,1.6564,0.00506508
03.47916663,LM,MG,546884864.0000,-1127204480.0000,0.19223312,-12.6806,0.01815857
03.48194432,AA,LM,2153906944.0000,-3198969344.0000,0.03663984,-0.7636,0.00150389
03.48194432,AA,MG,2701418496.0000,-4326081536.0000,0.19332731,2.7089,0.00540955
03.48194432,LM,MG,547526848.0000,-1127115776.0000,0.17830431,-22.8174,0.01896601
03.48472238,AA,LM,2154053632.0000,-3198623744.0000,0.03308097,-7.4587,0.00144398
03.48472238,LM,MG,548126016.0000,-1127032832.0000,0.19293302,-24.2851,0.01858194
03.48750007,AA,LM,2154188800.0000,-3198302720.0000,0.03874838,-2.6303,0.00154360
03.49305546,AA,LM,2154469888.0000,-3197626880.0000,0.03627776,-1.9812,0.00148149
03.49305546,AA,MG,2704473856.0000,-4324380160.0000,0.19174470,-0.0376,0.00601738
03.49305546,LM,MG,549970304.0000,-1126776832.0000,0.19620921,-13.4156,0.01944233
03.49583316,AA,LM,2154611200.0000,-3197282560.0000,0.03634821,-2.8698,0.00144472
03.49583316,AA,MG,2705196544.0000,-4323975680.0000,0.19269259,2.1643,0.00584869
03.49583316,LM,MG,550574848.0000,-1126692608.0000,0.20480918,-22.5065,0.01893636
03.49861121,AA,LM,2154732288.0000,-3196985088.0000,0.03496262,-0.8793,0.00166666
03.49861121,AA,MG,2705924608.0000,-4323567104.0000,0.19538542,2.4075,0.00542757
03.49861121,LM,MG,551167232.0000,-1126609920.0000,0.20311016,-15.2772,0.01938203
03.50138891,AA,MG,2706685952.0000,-4323138560.0000,0.19477973,-0.4158,0.00583201
03.50138891,LM,MG,551799296.0000,-1126521728.0000,0.21092499,-14.2231,0.01813002
03.50416660,AA,LM,2154998784.0000,-3196322560.0000,0.03723877,2.3093,0.00188741
03.50416660,AA,MG,2707480832.0000,-4322690560.0000,0.19694651,2.9267,0.00634535
03.50694430,AA,LM,2155148288.0000,-3195946496.0000,0.03379201,-1.2410,0.00146626
03.50694430,AA,MG,2708153600.0000,-4322310656.0000,0.19334824,3.9692,0.00540439
03.50694430,LM,MG,553061184.0000,-1126344960.0000,0.19169027,-20.7578,0.02090092
03.50972235,AA,LM,2155280640.0000,-3195610112.0000,0.03128245,-0.0755,0.00166065
03.50972235,AA,MG,2708904960.0000,-4321885184.0000,0.19854215,2.4055,0.00566466
03.51250005,AA,LM,2155407360.0000,-3195285248.0000,0.02953072,-2.3014,0.00143630
03.51250005,AA,MG,2709645824.0000,-4321464832.0000,0.19696114,1.0766,0.00581704
03.51250005,LM,MG,554252544.0000,-1126177536.0000,0.18672638,-9.8696,0.01809902
03.51527774,AA,LM,2155539456.0000,-3194942976.0000,0.02876280,-4.1692,0.00157750
03.51805544,AA,LM,2155668480.0000,-3194606592.0000,0.02948547,-4.8849,0.00153946
03.51805544,AA,MG,2711123456.0000,-4320624128.0000,0.19564292,2.5529,0.00568011
03.51805544,LM,MG,555463744.0000,-1126006784.0000,0.17265294,-16.7408,0.01934474
03.52083349,AA,LM,2155796992.0000,-3194267648.0000,0.03250442,-5.2777,0.00147344
03.52083349,AA,MG,2711860224.0000,-4320202752.0000,0.19507054,1.6841,0.00568529
03.52083349,LM,MG,556073984.0000,-1125920640.0000,0.18812213,-15.3314,0.01850025
03.52361119,AA,LM,2155918080.0000,-3193945856.0000,0.03111313,-5.8836,0.00150494
03.52361119,LM,MG,556687872.0000,-1125833728.0000,0.19770199,-17.4674,0.01845646
03.52638888,AA,LM,2156047104.0000,-3193599744.0000,0.03231353,-5.3930,0.00147484
03.52638888,AA,MG,2713325056.0000,-4319363584.0000,0.19371529,2.5312,0.00584757
03.52638888,LM,MG,557307328.0000,-1125745920.0000,0.20148241,-14.4929,0.01806914
03.52916658,AA,LM,2156173312.0000,-3193257728.0000,0.02939776,-5.2009,0.00151435
03.52916658,AA,MG,2714080512.0000,-4318929408.0000,0.19945811,2.3532,0.00521729
03.52916658,LM,MG,557909248.0000,-1125660544.0000,0.19979223,-11.7030,0.02086041
03.53194427,AA,LM,2156288512.0000,-3192943104.0000,0.02799657,-1.4094,0.00145212
03.53194427,AA,MG,2714824960.0000,-4318500352.0000,0.19262160,1.7072,0.00621683
03.53472233,AA,LM,2156412160.0000,-3192601344.0000,0.03105377,0.4731,0.00155592
03.53472233,AA,MG,2715540736.0000,-4318086656.0000,0.19330394,0.9438,0.00547958
03.53472233,LM,MG,559113856.0000,-1125489152.0000,0.17750552,-17.8255,0.01978699
03.53750002,AA,LM,2156530688.0000,-3192271360.0000,0.03076769,-3.4594,0.00152526
03.53750002,AA,MG,2716281856.0000,-4317657600.0000,0.20019897,1.5512,0.00562383
03.53750002,LM,MG,559723904.0000,-1125402112.0000,0.20098778,-14.5406,0.01885481
03.54027772,AA,LM,2156664576.0000,-3191894272.0000,0.03209037,-4.1200,0.00179304
03.54305542,AA,MG,2717730048.0000,-4316816384.0000,0.19738718,0.7419,0.00565630
03.54583347,AA,LM,2156887040.0000,-3191259136.0000,0.03168294,-6.7666,0.00153926
03.54583347,AA,MG,2718452736.0000,-4316395520.0000,0.19777772,2.9255,0.00596753
03.54583347,LM,MG,561549184.0000,-1125140992.0000,0.19128554,-10.7009,0.02083485
03.54861116,AA,LM,2157001472.0000,-3190927872.0000,0.03531665,1.0436,0.00151017
03.54861116,AA,MG,2719165952.0000,-4315978752.0000,0.19798861,4.2996,0.00583658
03.54861116,LM,MG,562158144.0000,-1125053568.0000,0.19472151,-11.3592,0.01840287
03.55138886,AA,LM,2157115904.0000,-3190593024.0000,0.03535132,-2.5848,0.00158710
03.55138886,AA,MG,2719874816.0000,-4315563520.0000,0.19974087,2.4181,0.00558397
03.55138886,LM,MG,562769344.0000,-1124965760.0000,0.20170819,-18.4475,0.01975216
03.55416656,AA,LM,2157232128.0000,-3190248960.0000,0.03720028,-4.3330,0.00160015
03.55416656,AA,MG,2720620288.0000,-4315126272.0000,0.20002336,1.7195,0.00573594
03.55416656,LM,MG,563406080.0000,-1124873984.0000,0.19222244,-21.0562,0.02152214
03.55694461,AA,LM,2157343232.0000,-3189916928.0000,0.03812441,1.6069,0.00152541
03.55694461,AA,MG,2721321984.0000,-4314713600.0000,0.19686463,2.2385,0.00538364
03.55694461,LM,MG,564000256.0000,-1124788352.0000,0.21088373,-4.3394,0.01878752
03.55972230,AA,LM,2157449216.0000,-3189597184.0000,0.03707740,-0.3595,0.00164031
03.55972230,LM,MG,564562048.0000,-1124707200.0000,0.19222841,-19.5629,0.01924265
03.56250000,AA,LM,2157564672.0000,-3189245184.0000,0.03873871,-4.0625,0.00172818
03.56250000,AA,MG,2722742528.0000,-4313874944.0000,0.19516296,3.5784,0.00563511
03.56527770,AA,LM,2157673728.0000,-3188909568.0000,0.03761386,-3.8882,0.00152986
03.56527770,AA,MG,2723488000.0000,-4313433600.0000,0.20055952,3.6876,0.00590984
03.56527770,LM,MG,565766720.0000,-1124532864.0000,0.20333265,-9.9862,0.01971882
03.56805539,AA,LM,2157726976.0000,-3188743424.0000,0.03759026,-14.4944,0.00733140
03.61805570,AA,LM,2159534336.0000,-3182487552.0000,0.03236239,-9.8441,0.00261744
03.61805570,LM,MG,577344256.0000,-1122828672.0000,0.28218102,-17.6479,0.03197141
03.62083340,AA,LM,2159604480.0000,-3182212608.0000,0.03974425,-5.3383,0.00209136
03.62083340,AA,MG,2737453056.0000,-4304959488.0000,0.18941550,3.5874,0.00562279
03.62083340,LM,MG,577835456.0000,-1122755200.0000,0.22495327,-8.6652,0.02554836
03.62361109,AA,LM,2159689216.0000,-3181876992.0000,0.04248737,-7.1130,0.00209116
03.62361109,AA,MG,2738120704.0000,-4304544256.0000,0.18341445,3.8217,0.00562285
03.62361109,LM,MG,578434240.0000,-1122665600.0000,0.21956624,-19.1771,0.02554584
03.62638879,AA,LM,2159772672.0000,-3181541632.0000,0.04074801,-4.4395,0.00210392
03.62638879,AA,MG,2738802944.0000,-4304118784.0000,0.18827585,2.3410,0.00551887
03.62638879,LM,MG,579032704.0000,-1122576000.0000,0.22453869,-22.8557,0.02557855
03.62916684,AA,LM,2159854848.0000,-3181206272.0000,0.04029203,1.4666,0.00212652
03.62916684,AA,MG,2739507200.0000,-4303678976.0000,0.18540906,-0.1825,0.00546412
03.62916684,LM,MG,579630912.0000,-1122486016.0000,0.16986581,1.5160,0.02553965
03.63194454,AA,LM,2159936256.0000,-3180870656.0000,0.04147535,-0.4250,0.00215393
03.63194454,AA,MG,2740157184.0000,-4303271936.0000,0.17964166,1.7082,0.00578349
03.63194454,LM,MG,580228736.0000,-1122396160.0000,0.20689968,-17.9778,0.02555613
03.63472223,AA,LM,2160016128.0000,-3180535296.0000,0.03987406,-7.3210,0.00217652
03.63472223,AA,MG,2740846336.0000,-4302839296.0000,0.18056431,5.2653,0.00585166
03.63472223,LM,MG,580826304.0000,-1122306176.0000,0.24347409,-10.7125,0.02551650
03.63749993,AA,LM,2160094976.0000,-3180199936.0000,0.04270751,-3.8214,0.00220448
03.63749993,AA,MG,2741523200.0000,-4302412800.0000,0.18086800,2.4337,0.00553684
03.63749993,LM,MG,581423488.0000,-1122216064.0000,0.22375664,-12.5202,0.02554142
03.64027762,AA,LM,2160172800.0000,-3179864320.0000,0.03806462,-3.3257,0.00222783
03.64027762,AA,MG,2742220288.0000,-4301972992.0000,0.18917317,2.6028,0.00585159
03.64027762,LM,MG,582020480.0000,-1122125824.0000,0.21766631,-16.5144,0.02551202
03.64305568,AA,LM,2160249344.0000,-3179528704.0000,0.03839949,-3.0649,0.00223139
03.64305568,LM,MG,582617088.0000,-1122035584.0000,0.23572732,-19.7849,0.02547844
03.64583337,AA,LM,2160324864.0000,-3179193344.0000,0.02174197,1.6798,0.00221021
03.64583337,LM,MG,583213376.0000,-1121945088.0000,0.17213899,-16.0272,0.02551170
03.64861107,AA,LM,2160399104.0000,-3178857728.0000,0.02444578,-8.6531,0.00218521
03.64861107,AA,MG,2744189696.0000,-4300724224.0000,0.18715774,1.5296,0.00601366
03.64861107,LM,MG,583809408.0000,-1121854720.0000,0.18763266,-24.4134,0.02550346
03.65138876,AA,LM,2160472320.0000,-3178522112.0000,0.02377720,-18.3843,0.00215885
03.65138876,AA,MG,2744886784.0000,-4300280320.0000,0.18344996,4.7001,0.00644478
03.65138876,LM,MG,584405056.0000,-1121764096.0000,0.09017581,-5.7998,0.02548084
03.65416682,AA,LM,2160544256.0000,-3178186752.0000,0.02863778,-2.7950,0.00213272
03.65416682,AA,MG,2745541120.0000,-4299862528.0000,0.18483323,1.3972,0.00559966
03.65416682,LM,MG,585000448.0000,-1121673472.0000,0.13435304,-26.2764,0.02546099
03.65694451,AA,LM,2160614912.0000,-3177851136.0000,0.02768277,4.5150,0.00210850
03.65694451,LM,MG,585595520.0000,-1121582720.0000,0.15539865,-25.7419,0.02546450
03.65972221,AA,LM,2160684800.0000,-3177515520.0000,0.02411336,2.8223,0.00209329
03.65972221,AA,MG,2746883072.0000,-4299002368.0000,0.18172020,-0.8981,0.00536825
03.65972221,LM,MG,586190272.0000,-1121491840.0000,0.14069721,6.7446,0.02547708
03.66249990,AA,LM,2160753152.0000,-3177179904.0000,0.02875409,-3.0691,0.00208578
03.66249990,AA,MG,2747531264.0000,-4298585088.0000,0.18301999,2.2698,0.00574627
03.66249990,LM,MG,586784704.0000,-1121400832.0000,0.14380035,-11.0197,0.02543271
03.66527760,AA,LM,2160820736.0000,-3176844288.0000,0.02858578,-1.5274,0.00208247
03.66527760,AA,MG,2748134912.0000,-4298195456.0000,0.18268759,-2.3412,0.00641397
03.66527760,LM,MG,587378880.0000,-1121309824.0000,0.16263347,-29.8875,0.02543755
03.66805565,AA,LM,2160886784.0000,-3176508672.0000,0.03787675,-5.1474,0.00208094
03.66805565,AA,MG,2748852736.0000,-4297731584.0000,0.18136786,4.1366,0.00533937
03.66805565,LM,MG,587972672.0000,-1121218688.0000,0.15831439,-18.6821,0.02546436
03.67083335,AA,LM,2160952064.0000,-3176173056.0000,0.03316966,-2.0624,0.00207740
03.67083335,AA,MG,2749525760.0000,-4297295872.0000,0.18307259,3.7056,0.00557782
03.67083335,LM,MG,588566144.0000,-1121127552.0000,0.17031889,-17.8319,0.02546582
03.67361104,AA,LM,2161015808.0000,-3175837440.0000,0.03076525,-4.9554,0.00207251
03.67361104,AA,MG,2750191616.0000,-4296863232.0000,0.18484851,4.4571,0.00556757
03.67361104,LM,MG,589159360.0000,-1121036160.0000,0.23938262,-20.3433,0.02545198
03.67638874,AA,LM,2161078528.0000,-3175501824.0000,0.03041326,-5.7541,0.00207521
03.67638874,AA,MG,2750811904.0000,-4296459264.0000,0.18664167,2.8722,0.00545029
03.67638874,LM,MG,589752256.0000,-1120944768.0000,0.17799348,-23.3357,0.02542913
03.67916679,AA,LM,2161140224.0000,-3175166208.0000,0.02868446,-7.8599,0.00209421
03.67916679,AA,MG,2751492864.0000,-4296014336.0000,0.18023591,1.8295,0.00576683
03.67916679,LM,MG,590344832.0000,-1120853248.0000,0.17181399,-22.9966,0.02544620
03.68194449,AA,LM,2161200640.0000,-3174830592.0000,0.00610190,37.1886,0.00211308
03.68194449,AA,MG,2752136704.0000,-4295592960.0000,0.17868695,-1.4232,0.00567498
03.68194449,LM,MG,590937088.0000,-1120761728.0000,0.08380383,-53.2910,0.02546047
03.68472219,AA,LM,2161260032.0000,-3174494976.0000,0.01898882,-13.0964,0.00212832
03.68472219,LM,MG,591529024.0000,-1120669952.0000,0.11022019,3.8992,0.02543069
03.68749988,AA,LM,2161318400.0000,-3174159360.0000,0.02048577,-7.5564,0.00214884
03.68749988,AA,MG,2753444608.0000,-4294733824.0000,0.18196165,1.4205,0.00551348
03.68749988,LM,MG,592120640.0000,-1120578304.0000,0.11957255,-19.7807,0.02546542
03.69027793,AA,LM,2161375232.0000,-3173823488.0000,0.02396120,-5.0100,0.00216468
03.69027793,LM,MG,592711936.0000,-1120486400.0000,0.18286537,-14.7622,0.02544278
03.69305563,AA,LM,2161431296.0000,-3173487872.0000,0.02722253,-2.5549,0.00217554
03.69305563,AA,MG,2754727168.0000,-4293886976.0000,0.18005518,1.2881,0.00571192
03.69305563,LM,MG,593302912.0000,-1120394368.0000,0.13101662,-21.1178,0.02544413
03.69583333,AA,LM,2161485824.0000,-3173152000.0000,0.01314565,-1.8708,0.00217428
03.69583333,AA,MG,2755376384.0000,-4293456640.0000,0.18611353,0.8156,0.00649794
03.69583333,LM,MG,593893568.0000,-1120302336.0000,0.08865267,5.9520,0.02542920
03.69861102,AA,LM,2161539584.0000,-3172816640.0000,0.02112152,-0.4235,0.00217529
03.69861102,LM,MG,594483968.0000,-1120210176.0000,0.15414121,-20.0930,0.02544308
03.70138872,AA,LM,2161566976.0000,-3172641792.0000,0.01897919,-32.5268,0.01086706
03.70138872,LM,MG,594790848.0000,-1120162304.0000,0.28823633,-17.9955,0.12712274
